income_am,profit_last_am,profit_am,damage_am,damage_inc,crd_lim_rec,cab_requests,bar_no,neighbor_income,age,client_segment,sect_empl,fam_adult_size,children_no,tenure_mts,claims_no,claims_am,nights_booked,shop_am,credit_use_ic_0.0,credit_use_ic_1.0,credit_use_ic_Undefined,insurance_ic_0.0,insurance_ic_1.0,insurance_ic_Undefined,spa_ic_0.0,spa_ic_1.0,spa_ic_Undefined,married_cd_False,married_cd_True,sport_ic_0.0,sport_ic_1.0,sport_ic_Undefined,marketing_permit_0.0,marketing_permit_1.0,marketing_permit_Undefined,urban_ic_0.0,urban_ic_1.0,urban_ic_Undefined,dining_ic_0.0,dining_ic_1.0,dining_ic_Undefined,presidential_0.0,presidential_1.0,presidential_Undefined,prev_stay_0.0,prev_stay_1.0,prev_stay_Undefined,prev_all_in_stay_0.0,prev_all_in_stay_1.0,prev_all_in_stay_Undefined,company_ic_0.0,company_ic_1.0,company_ic_Undefined,gender_M,gender_Undefined,gender_V,shop_use_0.0,shop_use_1.0,shop_use_Undefined,retired_0.0,retired_1.0,retired_Undefined,gold_status_0.0,gold_status_1.0,gold_status_Undefined,Predicted_Damage_Status,Predicted_Damage_Cost,Predicted_Revenue,Overall_Predicted_Revenue,ID
1.6636904821365073,-0.1813495898349165,3.5535487184695698,5.908082938168931,1.3862943611198906,0.2620992806465889,-0.75,0.1900911776928238,-0.9541992592292604,0.2083333333333333,1.7095112913514543,0.0,0.5,0.0,0.4177508030468623,1.3862943611198906,0.0,0.2047883151009829,9.182400930724596,1,0,0,1,0,0,0,1,0,0,1,0,1,0,0,1,0,0,1,0,1,0,0,0,1,0,0,1,0,0,1,0,1,0,0,1,0,0,0,1,0,1,0,0,0,1,0,0.0,889.5406652468556,9011.238528773389,9011.238528773389,257
1.1148338435930367,0.4080088436174772,1.7639986995331598,7.399398083331354,2.079441541679836,0.2440037353446678,0.5,-0.2248301433933957,0.1302936460002182,-0.4583333333333333,0.0,0.0,0.0,0.0,-0.8865970230400942,0.0,0.0,-0.69713590556265,0.0,0,1,0,0,1,0,0,1,0,0,1,0,1,0,0,1,0,0,1,0,1,0,0,1,0,0,0,1,0,1,0,0,1,0,0,0,0,1,1,0,0,1,0,0,0,1,0,0.0,1218.016658174642,6205.374726631365,6205.374726631365,85
1.5953081796032271,0.018235600027548,3.529254160694201,0.0,0.6931471805599453,-0.7773981450079146,-1.0,-0.2248301433933957,-0.9013786805556776,0.0833333333333333,1.7095112913514543,0.6931471805599453,0.5,0.0,-0.482504951428841,1.791759469228055,0.0,-0.2724375685669187,0.0,1,0,0,1,0,0,1,0,0,0,1,1,0,0,0,1,0,0,1,0,1,0,0,1,0,0,0,1,0,1,0,0,1,0,0,1,0,0,1,0,0,1,0,0,0,1,0,0.0,1067.3207722224415,5765.274658676514,5765.274658676514,432
1.5427112408701675,0.3243264336087106,3.3679935794842977,0.0,0.0,-0.7773981450079146,0.75,-0.854755645675727,1.1833697973431658,1.3333333333333333,1.7095112913514543,0.0,-0.5,0.0,-1.2906890946513474,0.0,0.0,-0.69713590556265,0.0,1,0,0,1,0,0,1,0,0,1,0,1,0,0,0,1,0,1,0,0,1,0,0,1,0,0,0,1,0,1,0,0,1,0,0,0,0,1,1,0,0,0,1,0,1,0,0,0.0,661.8243774608474,5753.36263255388,5753.36263255388,82
0.8363302800542418,0.1447719177501084,1.632401301190018,0.0,1.0986122886681098,0.3515707720072185,0.5,1.7095112913514543,1.1902001826580637,0.0833333333333333,1.0,0.0,0.5,1.0986122886681098,1.021331365706709,0.0,0.0,-0.69713590556265,8.124732744979744,1,0,0,0,1,0,0,1,0,0,1,0,1,0,1,0,0,0,1,0,1,0,0,1,0,0,0,1,0,0,1,0,1,0,0,1,0,0,0,1,0,1,0,0,0,1,0,1.0,1060.396935282428,5544.490968531279,4484.094033248851,79
-0.3738877298140239,0.4799388920131104,1.2459672533399373,6.677083461247136,0.6931471805599453,-0.7773981450079146,-0.25,0.5000000000000001,0.0537996914931389,-0.0416666666666666,0.0,0.6931471805599453,0.5,0.6931471805599453,-1.3213796317357465,0.0,0.0,-0.5092038975949189,0.0,1,0,0,1,0,0,1,0,0,0,1,1,0,0,1,0,0,0,1,0,1,0,0,1,0,0,1,0,0,1,0,0,1,0,0,1,0,0,1,0,0,1,0,0,1,0,0,0.0,818.058200510455,3649.707535450681,3649.707535450681,372
0.9668419297682274,-0.6982122049081693,1.819288201411836,5.855071922202427,0.6931471805599453,0.1964091504788918,-0.75,0.3547556456757271,0.2791774968560142,0.4583333333333333,1.0,0.0,0.0,0.0,-0.1653694015567182,0.0,0.0,-0.3758640159354622,0.0,1,0,0,0,1,0,0,1,0,1,0,1,0,0,0,1,0,0,1,0,1,0,0,1,0,0,0,1,0,0,1,0,1,0,0,1,0,0,1,0,0,1,0,0,0,1,0,0.0,1164.434020252576,3642.113327033013,3642.113327033013,125
0.6002087563508268,0.4536085041300946,1.0280373460781935,0.0,0.0,-0.7773981450079146,-1.0,0.6299255022823318,-0.177734976189836,0.5416666666666666,1.0,0.0,-0.5,0.0,-0.1858297596129842,0.0,0.0,-0.69713590556265,0.0,1,0,0,0,1,0,0,1,0,0,1,1,0,0,0,1,0,0,1,0,1,0,0,1,0,0,0,1,0,1,0,0,1,0,0,1,0,0,1,0,0,0,1,0,1,0,0,0.0,841.5481758807836,3492.6958796391527,3492.6958796391527,150
1.7099775375960673,0.0858645057628897,2.911881026492413,0.0,0.0,-0.7773981450079146,-0.25,0.5000000000000001,0.7921957139530353,0.2083333333333333,1.7095112913514543,0.6931471805599453,0.5,1.3862943611198906,-0.0732977903035213,0.0,0.0,-0.2724375685669187,0.0,1,0,0,1,0,0,1,0,0,0,1,1,0,0,0,1,0,0,1,0,1,0,0,1,0,0,0,1,0,0,1,0,1,0,0,1,0,0,1,0,0,1,0,0,0,1,0,1.0,859.4264603722845,4235.02313938097,3375.5966790086854,254
1.063227262238588,0.4426959056250264,0.5776809087646682,0.0,0.0,-0.7773981450079146,0.0,0.5000000000000001,0.7269855185972859,0.0,1.0,0.0,0.0,0.0,0.7809221585455836,0.0,0.0,-0.5092038975949189,8.312499456692457,1,0,0,1,0,0,0,1,0,1,0,1,0,0,0,1,0,0,1,0,1,0,0,1,0,0,0,1,0,1,0,0,1,0,0,0,0,1,0,1,0,1,0,0,1,0,0,0.0,544.4664459973512,3241.6098648872467,3241.6098648872467,497
-0.3719734831507262,-0.6982122049081693,2.4323796862188725,8.114922974204593,1.3862943611198906,0.1626430958153664,0.75,-2.209511291351454,1.4212032989037482,-0.2916666666666667,0.0,0.0,0.5,0.0,-0.8763668440119612,0.0,0.0,-0.2724375685669187,0.0,1,0,0,1,0,0,1,0,0,0,1,0,1,0,0,1,0,0,1,0,1,0,0,1,0,0,1,0,0,1,0,0,1,0,0,0,0,1,1,0,0,1,0,0,1,0,0,0.0,745.1184250793166,3112.295623722341,3112.295623722341,86
1.4441767217703492,0.5162714777217778,0.8815201004278781,0.0,0.0,-0.7773981450079146,0.5,-2.209511291351454,1.9451484554438505,0.9166666666666666,1.7095112913514543,0.0,-0.5,0.0,0.5405129513844582,0.0,0.0,-0.5092038975949189,8.625010265489616,1,0,0,1,0,0,1,0,0,1,0,1,0,0,0,1,0,0,1,0,1,0,0,1,0,0,0,1,0,1,0,0,1,0,0,0,0,1,0,1,0,0,1,0,1,0,0,0.0,588.6206330626584,3103.95970168322,3103.95970168322,32
0.8015804414587819,0.1868883971466408,0.8519612137632533,0.0,0.0,0.2102344209655048,0.25,-2.209511291351454,0.0,-0.4583333333333333,1.0,0.0,0.0,0.0,0.4433262506171948,0.0,0.0,-0.3758640159354622,7.910878188253274,1,0,0,1,0,0,1,0,0,0,1,1,0,0,1,0,0,1,0,0,1,0,0,1,0,0,0,1,0,1,0,0,1,0,0,1,0,0,0,1,0,1,0,0,1,0,0,0.0,416.1608095731278,3020.1159448581243,3020.1159448581243,464
1.6493413905717549,0.2411817567937629,2.920277117114435,0.0,0.0,0.2620992806465889,-0.75,0.5000000000000001,-0.8982676256020822,1.0833333333333333,1.7095112913514543,0.0,-0.5,0.0,0.5405129513844582,0.0,0.0,-0.2724375685669187,0.0,1,0,0,1,0,0,1,0,0,0,1,0,1,0,0,1,0,1,0,0,1,0,0,1,0,0,0,1,0,1,0,0,1,0,0,1,0,0,1,0,0,0,1,0,0,1,0,0.0,795.8173527508343,2960.6450978384846,2960.6450978384846,49
1.462708604370433,0.5348688353688588,2.120455689593579,0.0,0.0,0.3253741551073228,0.5,0.7474574155078949,0.76929409849501,0.625,1.7095112913514543,0.0,0.0,0.0,0.6018940255532562,0.0,0.0,-0.3758640159354622,9.196735331137509,1,0,0,1,0,0,1,0,0,0,1,0,1,0,0,1,0,0,1,0,1,0,0,1,0,0,0,1,0,0,1,0,1,0,0,1,0,0,0,1,0,1,0,0,0,1,0,1.0,789.1830877170421,3657.5625161253206,2868.3794284082787,75
0.5861214476967832,0.2904580583609389,-0.1970545678969573,0.0,0.0,-0.7773981450079146,0.0,-2.209511291351454,0.0,-0.1666666666666666,2.2598510045646623,1.9459101490553128,0.5,1.6094379124341005,0.6428147416657881,0.0,0.0,-0.5092038975949189,0.0,1,0,0,1,0,0,1,0,0,0,1,1,0,0,0,1,0,0,1,0,1,0,0,1,0,0,0,1,0,1,0,0,1,0,0,1,0,0,1,0,0,1,0,0,1,0,0,0.0,567.1578311665545,2666.9909955034946,2666.9909955034946,171
1.3443661397836586,0.3066823447041649,2.7175229696438725,7.56734567601324,0.6931471805599453,-0.7773981450079146,-1.25,0.1900911776928238,0.1118472726743071,0.375,1.7095112913514543,1.6094379124341005,0.0,0.0,2.0085436419215426,0.0,0.0,1.072363686172482,7.775660593570548,1,0,0,1,0,0,1,0,0,0,1,0,1,0,0,1,0,0,1,0,1,0,0,1,0,0,0,1,0,1,0,0,1,0,0,1,0,0,0,1,0,1,0,0,0,1,0,0.0,1208.3110742405752,2606.5148725660206,2606.5148725660206,191
1.0470672244575288,0.582812913082883,1.2420709293289205,6.646390514847729,0.6931471805599453,0.2916015803787529,-0.75,0.3547556456757271,-0.4892731789548299,-0.5416666666666666,1.0,0.0,0.0,0.0,0.6683901892361206,1.0986122886681098,5.981414211254481,-0.2724375685669187,0.0,1,0,0,1,0,0,1,0,0,0,1,0,1,0,1,0,0,0,1,0,1,0,0,1,0,0,0,1,0,1,0,0,1,0,0,1,0,0,1,0,0,1,0,0,1,0,0,0.0,856.5125044019201,2570.623988117462,2570.623988117462,491
0.5960508860268211,0.2748982648362391,0.2767686436956137,7.106606137727303,1.6094379124341005,0.2620992806465889,-0.75,1.1299255022823314,0.1411210020604907,-0.1666666666666666,0.0,0.0,0.5,1.0986122886681098,1.2105896777271692,0.0,0.0,1.0352641023230895,0.0,0,1,0,0,1,0,1,0,0,0,1,0,1,0,1,0,0,0,1,0,1,0,0,1,0,0,0,1,0,0,1,0,1,0,0,1,0,0,1,0,0,1,0,0,1,0,0,0.0,1074.4474452359357,2541.593908355399,2541.593908355399,22
1.086570366053952,0.4367586787838675,1.8801711456457664,7.755338812846501,1.0986122886681098,0.3039703185124983,1.0,-0.4999999999999999,1.0321391785881968,-0.4583333333333333,1.0,0.0,0.0,0.0,-0.7280292481040328,0.0,0.0,-0.2724375685669187,0.0,1,0,0,0,1,0,0,1,0,1,0,1,0,0,0,1,0,0,1,0,1,0,0,1,0,0,0,1,0,0,1,0,1,0,0,1,0,0,1,0,0,1,0,0,1,0,0,0.0,817.000560098838,2507.9287308093094,2507.9287308093094,9
1.2994412673737403,-0.0624973292628906,2.486392853014214,5.420534999272286,0.6931471805599453,0.2979487540810394,1.0,0.1900911776928238,0.5332689846091798,0.4166666666666667,1.7095112913514543,0.0,0.0,0.0,1.7630193452463507,0.0,0.0,0.7758836609138324,8.099854797393977,0,1,0,0,1,0,0,1,0,0,1,0,1,0,0,1,0,0,1,0,1,0,0,1,0,0,0,1,0,0,1,0,1,0,0,0,0,1,0,1,0,1,0,0,0,1,0,0.0,1047.3566402002837,2476.1992934673845,2476.1992934673845,406
0.3392008470052128,-0.6982122049081693,0.0068949490347501,0.0,0.0,-0.7773981450079146,-0.75,-1.3547556456757268,-0.5088434982932641,0.5416666666666666,0.0,0.0,-0.5,0.0,-0.2420957442677156,0.0,0.0,-0.69713590556265,0.0,1,0,0,1,0,0,1,0,0,1,0,1,0,0,1,0,0,0,1,0,1,0,0,1,0,0,0,1,0,1,0,0,1,0,0,1,0,0,1,0,0,1,0,0,1,0,0,0.0,586.4386232131346,2476.0603767384177,2476.0603767384177,304
1.2394054790308893,-0.6982122049081693,2.166997733545116,0.0,0.0,-0.7773981450079146,0.25,-0.854755645675727,-0.0421061937943845,0.375,1.0,0.0,0.0,0.0,-0.2983617289224471,0.0,0.0,-0.1879320079677311,0.0,1,0,0,1,0,0,0,1,0,0,1,1,0,0,0,1,0,0,1,0,1,0,0,1,0,0,0,1,0,0,1,0,1,0,0,0,0,1,1,0,0,1,0,0,0,1,0,0.0,664.3532636485689,2467.5796025751843,2467.5796025751843,374
1.43377776159026,0.4045657192408973,2.700037521192348,5.209486152841421,0.6931471805599453,0.1964091504788918,-1.0,0.6299255022823318,0.9820540123065372,0.3333333333333333,1.7095112913514543,0.0,0.0,0.0,0.9650653810519774,0.6931471805599453,0.0,0.3927203230687141,0.0,1,0,0,1,0,0,1,0,0,0,1,0,1,0,1,0,0,0,1,0,0,1,0,1,0,0,0,1,0,1,0,0,1,0,0,1,0,0,1,0,0,1,0,0,0,1,0,0.0,1027.2891185483015,2465.1920453487955,2465.1920453487955,408
0.3223460426325893,-0.4914671588788681,3.021869685994807,7.108244139731541,1.3862943611198906,-0.7773981450079146,-0.25,-0.854755645675727,0.5628707820344938,-0.1666666666666666,0.0,1.6094379124341005,0.5,1.0986122886681098,1.394732900233563,0.0,0.0,0.4142822275929955,0.0,1,0,0,1,0,0,1,0,0,0,1,1,0,0,0,1,0,0,1,0,1,0,0,1,0,0,0,1,0,1,0,0,1,0,0,1,0,0,1,0,0,1,0,0,1,0,0,0.0,759.2619387652035,2458.743458696668,2458.743458696668,200
1.6501864720831485,-0.6982122049081693,3.4969610496311536,6.703188113240863,0.6931471805599453,0.3515707720072185,1.5,0.1900911776928238,-0.1185036540762607,0.2916666666666667,1.7095112913514543,0.6931471805599453,0.0,0.6931471805599453,-0.1193335959301197,0.0,0.0,0.7948045476831883,8.202596277799325,1,0,0,0,1,0,0,1,0,0,1,0,1,0,0,1,0,0,1,0,1,0,0,1,0,0,1,0,0,0,1,0,1,0,0,1,0,0,0,1,0,1,0,0,0,1,0,0.0,1126.1604695293634,2457.7802311616333,2457.7802311616333,425
0.2329632376549651,-0.0099360851709988,0.1292775279881147,0.0,0.0,-0.7773981450079146,-1.25,0.1900911776928238,0.4963251024970181,0.1666666666666666,1.0,0.0,0.5,0.0,-0.1858297596129842,0.0,0.0,-0.69713590556265,0.0,1,0,0,1,0,0,1,0,0,0,1,1,0,0,0,1,0,0,1,0,1,0,0,1,0,0,0,1,0,1,0,0,1,0,0,0,0,1,1,0,0,1,0,0,1,0,0,0.0,736.3162895449917,2413.438051382314,2413.438051382314,69
-0.1585828111751665,-0.6982122049081693,-0.2374960048663839,0.0,0.0,-0.7773981450079146,-1.25,0.5000000000000001,0.1418617320269264,-0.875,-1.7095112913514543,0.0,0.0,0.0,-1.4236814220170764,0.0,0.0,-0.69713590556265,0.0,0,1,0,0,1,0,1,0,0,0,1,0,1,0,0,1,0,0,1,0,1,0,0,1,0,0,0,1,0,1,0,0,1,0,0,1,0,0,1,0,0,1,0,0,1,0,0,0.0,738.3472854998188,2365.2066359664736,2365.2066359664736,479
-0.2983159297753745,-0.2756808582794896,-0.2314204120095941,0.0,0.0,0.0,-1.0,-0.2248301433933957,-0.6990949089524253,-1.125,0.0,0.0,-0.5,0.0,-1.019589350405823,0.0,0.0,-0.69713590556265,0.0,1,0,0,1,0,0,0,1,0,0,1,1,0,0,1,0,0,0,1,0,1,0,0,1,0,0,0,1,0,1,0,0,1,0,0,1,0,0,1,0,0,1,0,0,1,0,0,0.0,542.0006209094179,2361.653550155956,2361.653550155956,122
0.8587782657896633,0.3934360440388261,0.1472447579071782,0.0,0.0,-0.7773981450079146,-0.75,0.5000000000000001,0.58051978048424,0.0416666666666666,1.0,0.0,0.5,0.0,0.3103339232514659,0.0,0.0,-0.69713590556265,0.0,1,0,0,1,0,0,1,0,0,0,1,0,1,0,1,0,0,0,1,0,1,0,0,1,0,0,0,1,0,1,0,0,1,0,0,0,0,1,1,0,0,1,0,0,1,0,0,0.0,608.5249453974035,2353.7880301162368,2353.7880301162368,452
0.2047657253115146,0.1322229992046837,-0.1331641137018626,0.0,0.0,0.0813020094215009,0.0,-0.2248301433933957,0.6071449112703275,-1.0833333333333333,0.0,0.0,-0.5,0.0,-0.1858297596129842,0.0,0.0,-0.69713590556265,0.0,1,0,0,0,1,0,1,0,0,0,1,1,0,0,1,0,0,0,1,0,1,0,0,1,0,0,0,1,0,1,0,0,1,0,0,0,0,1,1,0,0,1,0,0,1,0,0,0.0,694.5065786415962,2348.555051504421,2348.555051504421,124
0.2400911194144683,0.0874099602801578,1.8429312768578447,0.0,0.6931471805599453,0.1626430958153664,0.0,0.0,-1.6485098462099164,-0.875,0.0,0.6931471805599453,0.5,0.0,-0.7638348747024983,0.6931471805599453,0.0,-0.2724375685669187,6.925598037572447,1,0,0,0,1,0,1,0,0,0,1,0,1,0,0,1,0,0,1,0,0,1,0,1,0,0,0,1,0,1,0,0,1,0,0,0,0,1,0,1,0,1,0,0,1,0,0,0.0,973.9975060725104,2336.886991860441,2336.886991860441,17
1.223773498036681,0.3200264606649762,1.730306704039508,0.0,0.0,-0.7773981450079146,0.0,-2.209511291351454,-0.1038453234110863,0.7083333333333334,1.0,0.0,-0.5,0.0,-0.0272619846769228,0.0,0.0,-0.2724375685669187,0.0,1,0,0,1,0,0,0,1,0,1,0,1,0,0,1,0,0,0,1,0,1,0,0,1,0,0,0,1,0,1,0,0,1,0,0,0,0,1,1,0,0,0,1,0,1,0,0,0.0,489.46459687822886,2330.1833794456597,2330.1833794456597,362
-0.0251926503209525,-0.0222428602104493,-0.2037034440565104,0.0,0.0,-0.7773981450079146,-1.0,-2.209511291351454,0.6005358449111768,0.375,0.0,0.0,0.5,0.0,1.7016382710775528,0.0,0.0,-0.69713590556265,0.0,1,0,0,1,0,0,1,0,0,0,1,1,0,0,1,0,0,0,1,0,1,0,0,1,0,0,0,1,0,1,0,0,1,0,0,0,0,1,1,0,0,1,0,0,1,0,0,0.0,516.7788157815937,2328.507070191701,2328.507070191701,238
-0.2983159297753745,-0.6982122049081693,-0.2253745833522847,0.0,0.0,-0.7773981450079146,-1.0,-0.4999999999999999,-0.5453228782386323,-0.375,0.0,0.6931471805599453,0.5,0.0,1.0162162761926423,1.0986122886681098,0.0,-0.69713590556265,0.0,1,0,0,1,0,0,1,0,0,0,1,1,0,0,0,1,0,0,1,0,0,1,0,1,0,0,0,1,0,1,0,0,1,0,0,1,0,0,1,0,0,1,0,0,1,0,0,0.0,585.1647118424836,2323.9636084784306,2323.9636084784306,138
0.6864123442511464,0.2640740294348251,0.8435438538175682,5.005915925879077,0.3257583654974219,0.1769221431998112,-0.0282828282828282,0.1123981775312906,0.0537996914931389,0.0140288978494623,0.3837315047423829,0.1752400906811707,-0.0030241935483871,0.3213819908976229,0.0,0.1718502569266592,3.792715762665877,0.5540338968855332,6.0370931129739445,0,0,1,0,0,1,0,1,0,1,0,0,0,1,0,0,1,0,0,1,0,0,1,0,0,1,0,0,1,0,0,1,0,0,1,0,1,0,0,0,1,0,0,1,0,0,1,0.0,871.7845052392511,2282.2876546079665,2282.2876546079665,321
0.6864123442511464,0.2640740294348251,0.8435438538175682,5.005915925879077,0.3257583654974219,0.1769221431998112,-0.0282828282828282,0.1123981775312906,0.0537996914931389,0.0140288978494623,0.3837315047423829,0.1752400906811707,-0.0030241935483871,0.3213819908976229,0.0,0.1718502569266592,0.0,0.5540338968855332,6.0370931129739445,0,0,1,0,0,1,0,1,0,1,0,0,0,1,0,0,1,0,0,1,0,0,1,0,0,1,0,0,1,0,0,1,0,0,1,0,1,0,0,0,1,0,0,1,0,0,1,0.0,871.7845052392511,2282.2876546079665,2282.2876546079665,410
0.8081892586008519,0.2040149531512042,1.4440583528646411,0.0,0.0,-0.7773981450079146,0.25,-0.2248301433933957,0.3287732855919957,0.2916666666666667,1.0,0.0,0.5,0.0,-1.132121319715286,0.0,0.0,-0.3758640159354622,0.0,1,0,0,1,0,0,1,0,0,0,1,0,1,0,0,1,0,0,1,0,1,0,0,1,0,0,0,1,0,1,0,0,1,0,0,0,0,1,1,0,0,1,0,0,1,0,0,0.0,627.2428203680051,2272.2283983748457,2272.2283983748457,296
0.6374740690999132,-0.0159625627344927,1.1638920871365113,5.905361848054571,0.6931471805599453,0.3515707720072185,-0.25,0.8547556456757273,0.7234323823360047,0.0833333333333333,1.0,0.0,0.0,1.3862943611198906,0.075039805604407,0.6931471805599453,0.0,0.9234861251879142,8.411777376092056,0,1,0,0,1,0,0,1,0,0,1,0,1,0,1,0,0,0,1,0,1,0,0,1,0,0,0,1,0,1,0,0,1,0,0,1,0,0,0,1,0,1,0,0,1,0,0,0.0,748.4918492461086,2227.738349746952,2227.738349746952,175
0.3064386654374804,0.0970829526688434,0.1511404617714249,0.0,0.0,0.0,0.75,-0.854755645675727,0.0537996914931389,-1.0,0.0,0.0,0.0,0.0,-0.0784128798175878,0.0,0.0,-0.69713590556265,0.0,1,0,0,0,1,0,1,0,0,0,1,1,0,0,0,1,0,0,1,0,1,0,0,1,0,0,0,1,0,1,0,0,1,0,0,1,0,0,1,0,0,1,0,0,1,0,0,0.0,582.9955852252958,2217.235547635285,2217.235547635285,468
0.7563648525266614,-0.6982122049081693,1.763246519156075,7.443663683115591,1.3862943611198906,0.3515707720072185,-0.25,0.0,0.413751919689642,-0.2083333333333333,0.0,1.0986122886681098,0.5,0.6931471805599453,-0.8303310383853627,0.0,0.0,0.2047883151009829,0.0,1,0,0,0,1,0,1,0,0,0,1,1,0,0,0,1,0,1,0,0,1,0,0,1,0,0,0,1,0,1,0,0,1,0,0,1,0,0,1,0,0,1,0,0,1,0,0,0.0,984.3260527046192,2211.724798878188,2211.724798878188,335
-0.3738877298140239,-0.6982122049081693,-0.2374960048663839,0.0,0.0,-0.7773981450079146,-0.25,0.6299255022823318,0.1951968873885435,-0.2916666666666667,0.0,0.0,0.0,0.6931471805599453,0.9957559181363764,0.0,0.0,-0.5092038975949189,0.0,1,0,0,1,0,0,0,1,0,0,1,1,0,0,1,0,0,0,1,0,1,0,0,1,0,0,0,1,0,1,0,0,1,0,0,0,0,1,1,0,0,1,0,0,1,0,0,0.0,494.7070230490961,2203.9695708551794,2203.9695708551794,206
0.6864123442511464,0.2640740294348251,0.8435438538175682,5.005915925879077,0.3257583654974219,0.1769221431998112,-0.0282828282828282,0.1123981775312906,0.0537996914931389,0.0140288978494623,0.3837315047423829,0.1752400906811707,-0.0030241935483871,0.3213819908976229,0.0,0.1718502569266592,0.0,0.5540338968855332,6.0370931129739445,0,0,1,0,0,1,0,0,1,1,0,0,0,1,0,0,1,0,0,1,0,0,1,0,0,1,0,0,1,0,0,1,0,0,1,0,1,0,0,0,1,0,0,1,0,0,1,0.0,885.5318023299055,2202.4285791642624,2202.4285791642624,422
0.9636986736062654,0.4018835286421287,0.3672213114117845,0.0,0.0,0.1964091504788918,-0.25,1.0448468233685508,-0.1147569545823565,-0.8333333333333334,1.0,0.0,0.0,0.0,-1.1014307826308871,0.0,0.0,-0.69713590556265,0.0,1,0,0,1,0,0,1,0,0,0,1,1,0,0,1,0,0,0,1,0,1,0,0,1,0,0,0,1,0,0,1,0,1,0,0,0,0,1,1,0,0,1,0,0,1,0,0,0.0,652.4470411369052,2191.232976618549,2191.232976618549,402
0.7212572628246027,0.3430388069160321,0.0474415289208147,0.0,0.0,-0.7773981450079146,0.25,0.6299255022823318,1.3838115501574475,0.4583333333333333,0.0,0.0,0.5,0.0,-0.7842952327587643,0.0,0.0,-0.69713590556265,0.0,1,0,0,1,0,0,1,0,0,0,1,1,0,0,1,0,0,0,1,0,1,0,0,1,0,0,0,1,0,1,0,0,1,0,0,1,0,0,1,0,0,1,0,0,1,0,0,1.0,656.5970657356754,2839.3435815920234,2182.746515856348,133
0.3211728510545837,0.3708741467288059,0.3432025347084453,0.0,0.0,-0.7773981450079146,-0.25,-0.4999999999999999,0.2809059634979189,0.5,1.0,0.0,0.0,0.0,1.7016382710775528,0.0,0.0,-0.5092038975949189,0.0,1,0,0,1,0,0,0,1,0,0,1,0,1,0,1,0,0,0,1,0,1,0,0,1,0,0,0,1,0,1,0,0,1,0,0,0,0,1,1,0,0,1,0,0,1,0,0,0.0,467.9628893515414,2177.99684875158,2177.99684875158,455
0.2281459569762891,-0.6982122049081693,-0.171533078914821,0.0,0.0,0.0813020094215009,-0.5,0.6299255022823318,0.8096904485690174,-0.125,0.0,0.0,0.5,0.0,-1.3878757954186107,0.0,0.0,-0.5092038975949189,0.0,1,0,0,1,0,0,1,0,0,0,1,1,0,0,1,0,0,0,1,0,1,0,0,1,0,0,1,0,0,0,1,0,1,0,0,0,0,1,1,0,0,1,0,0,1,0,0,0.0,627.9213193685395,2174.082453081649,2174.082453081649,337
-0.0726245808536333,-0.6982122049081693,-0.0677659100292225,0.0,0.0,-0.7773981450079146,-1.5,-1.3547556456757268,1.0125634299871762,0.1666666666666666,0.0,0.0,0.5,0.0,0.6018940255532562,1.0986122886681098,0.0,-0.2724375685669187,0.0,0,1,0,1,0,0,0,1,0,0,1,1,0,0,1,0,0,0,1,0,1,0,0,1,0,0,0,1,0,1,0,0,1,0,0,1,0,0,1,0,0,1,0,0,1,0,0,0.0,520.5866047523072,2174.0260394117554,2174.0260394117554,154
0.5359094394280771,-0.6982122049081693,0.434829188560135,0.0,0.0,-0.7773981450079146,0.0,-0.854755645675727,-0.821843255602391,0.3333333333333333,0.0,0.0,0.0,0.0,0.5353978618703917,0.0,0.0,-0.2724375685669187,8.634355196785075,1,0,0,1,0,0,1,0,0,0,1,0,1,0,1,0,0,0,1,0,1,0,0,1,0,0,0,1,0,1,0,0,1,0,0,1,0,0,0,1,0,1,0,0,1,0,0,0.0,396.43167316357386,2169.182648820532,2169.182648820532,278
0.1865052761339025,0.1041189284970869,1.700586707786256,7.00669522683704,1.3862943611198906,0.2916015803787529,-0.25,-0.4999999999999999,1.217308354227751,-0.1666666666666666,0.0,0.0,-0.5,0.6931471805599453,-0.1858297596129842,0.0,0.0,0.6913781003146448,0.0,1,0,0,0,1,0,0,1,0,0,1,1,0,0,0,1,0,0,1,0,1,0,0,1,0,0,0,1,0,1,0,0,1,0,0,1,0,0,1,0,0,1,0,0,1,0,0,0.0,835.2894724093848,2161.1933290890843,2161.1933290890843,496
0.4960380607484987,0.2567850016263691,-0.0138890972526497,0.0,0.0,-0.7773981450079146,0.5,-0.854755645675727,-0.0847303598102908,0.0,1.0,0.0,0.5,0.6931471805599453,-0.7996405013009638,0.0,0.0,-0.2724375685669187,0.0,1,0,0,0,1,0,0,1,0,0,1,1,0,0,0,1,0,0,1,0,1,0,0,1,0,0,0,1,0,1,0,0,1,0,0,1,0,0,1,0,0,1,0,0,1,0,0,0.0,559.3825996294453,2144.3304132196963,2144.3304132196963,68
0.8292791349937514,0.1281842797307736,0.1127656475799079,0.0,0.0,-0.7773981450079146,-0.25,0.0,0.4642387589796182,0.7083333333333334,0.0,0.0,-0.5,0.0,0.6990807263205197,0.0,0.0,-0.3758640159354622,0.0,1,0,0,1,0,0,0,1,0,0,1,1,0,0,1,0,0,0,1,0,1,0,0,1,0,0,0,1,0,1,0,0,1,0,0,0,0,1,1,0,0,1,0,0,1,0,0,0.0,535.0512591483983,2143.6286843759726,2143.6286843759726,403
0.9076157573814332,0.4638383690934125,0.2575486291325438,0.0,0.0,0.2226018549920854,0.25,-0.2248301433933957,-0.869992348802004,0.1666666666666666,1.0,0.0,0.0,0.0,0.5405129513844582,0.0,0.0,-0.2724375685669187,7.3106353736095775,1,0,0,0,1,0,1,0,0,1,0,1,0,0,1,0,0,0,1,0,1,0,0,1,0,0,0,1,0,1,0,0,1,0,0,0,0,1,0,1,0,1,0,0,1,0,0,0.0,553.2467881261358,2142.7337771983985,2142.7337771983985,281
-0.041933240551039,0.3089619368149496,-0.1693698841339974,0.0,0.0,-0.7773981450079146,-0.75,-0.4999999999999999,0.8910302497665684,-0.0833333333333333,0.0,0.6931471805599453,0.5,1.0986122886681098,0.4484413401312613,0.0,0.0,-0.2724375685669187,0.0,1,0,0,1,0,0,1,0,0,0,1,0,1,0,1,0,0,0,1,0,1,0,0,1,0,0,0,1,0,1,0,0,1,0,0,1,0,0,1,0,0,1,0,0,1,0,0,0.0,563.5054453899331,2139.9876767654773,2139.9876767654773,449
0.9587131763545548,0.4294158623356093,0.2333548163749823,0.0,0.0,-0.7773981450079146,0.5,0.0,0.1918253083221824,0.5416666666666666,1.0,0.0,-0.5,0.0,-1.2906890946513474,0.0,0.0,-0.2724375685669187,0.0,1,0,0,1,0,0,0,1,0,1,0,1,0,0,1,0,0,0,1,0,1,0,0,1,0,0,0,1,0,1,0,0,1,0,0,1,0,0,1,0,0,0,1,0,1,0,0,0.0,614.9499115360076,2130.453708966953,2130.453708966953,460
-0.3738877298140239,-0.6982122049081693,-0.235974300226629,0.0,0.0,-0.7773981450079146,-0.75,-0.4999999999999999,0.5328584944823721,-0.9166666666666666,0.0,0.0,-0.5,0.0,-0.451814414344442,0.0,0.0,-0.69713590556265,0.0,1,0,0,1,0,0,1,0,0,0,1,1,0,0,1,0,0,0,1,0,1,0,0,1,0,0,0,1,0,1,0,0,1,0,0,1,0,0,1,0,0,1,0,0,1,0,0,0.0,511.2159726049555,2123.5072122212864,2123.5072122212864,389
0.9334758020940636,0.2981372334360451,1.5100851038339167,0.0,0.0,0.1807358470143375,0.0,-0.854755645675727,0.1112510772425007,-0.8333333333333334,1.0,0.0,0.0,0.0,0.2847584756811334,0.6931471805599453,0.0,-0.2724375685669187,0.0,1,0,0,0,1,0,1,0,0,0,1,0,1,0,0,1,0,0,1,0,1,0,0,1,0,0,0,1,0,1,0,0,1,0,0,1,0,0,1,0,0,1,0,0,1,0,0,0.0,526.4804907215296,2119.775403729565,2119.775403729565,153
0.2576450877722007,0.1264193475781355,-0.0724191426605512,0.0,0.0,0.2102344209655048,-0.5,-0.2248301433933957,-0.6868113087132137,-0.0833333333333333,0.0,0.0,0.0,1.0986122886681098,1.497034690514893,0.0,0.0,0.0488343210602692,0.0,1,0,0,1,0,0,0,1,0,0,1,1,0,0,0,1,0,0,1,0,1,0,0,1,0,0,0,1,0,0,1,0,1,0,0,1,0,0,1,0,0,1,0,0,1,0,0,0.0,499.000035510612,2119.176212228082,2119.176212228082,454
1.3471882365304078,-0.0926579296699588,2.837920306039595,0.0,0.0,0.2226018549920854,-0.75,0.1900911776928238,1.2477018352288074,0.5833333333333334,1.7095112913514543,0.0,0.0,0.0,1.456113974402361,0.0,0.0,0.4546117712866445,6.725248332469907,1,0,0,1,0,0,0,1,0,1,0,1,0,0,0,1,0,0,1,0,1,0,0,1,0,0,0,1,0,0,1,0,1,0,0,0,0,1,0,1,0,1,0,0,0,1,0,0.0,933.25235765998,2119.082440215025,2119.082440215025,343
0.9681821555061012,-0.6982122049081693,-0.084465790114876,0.0,0.0,-0.7773981450079146,-1.25,-0.2248301433933957,-0.2410479277805045,1.0833333333333333,1.0,0.0,-0.5,0.0,1.2924311099522332,0.0,0.0,-0.5092038975949189,0.0,1,0,0,1,0,0,1,0,0,0,1,1,0,0,0,1,0,0,1,0,1,0,0,1,0,0,0,1,0,1,0,0,1,0,0,1,0,0,1,0,0,0,1,0,1,0,0,0.0,749.102774814714,2114.347208116265,2114.347208116265,465
0.6893727747292635,0.3112072083403045,0.145013107558579,0.0,0.0,-0.7773981450079146,0.0,0.3547556456757271,-0.0878334405654569,0.7083333333333334,0.0,0.0,-0.5,0.0,0.5302827723563253,0.0,0.0,-0.5092038975949189,7.255606215343016,1,0,0,1,0,0,1,0,0,0,1,1,0,0,0,1,0,0,1,0,1,0,0,1,0,0,0,1,0,1,0,0,1,0,0,1,0,0,0,1,0,0,1,0,1,0,0,1.0,621.2784315130631,2733.530188481411,2112.251756968348,8
-0.3015559791418919,-0.3156884149803022,-0.211133341913899,0.0,0.0,0.0813020094215009,-0.5,0.0,0.6341631991325355,-0.8333333333333334,0.0,0.0,0.5,1.0986122886681098,-0.8661366649838282,0.0,0.0,-0.3758640159354622,0.0,1,0,0,0,1,0,0,1,0,0,1,1,0,0,1,0,0,0,1,0,1,0,0,1,0,0,0,1,0,1,0,0,1,0,0,0,0,1,1,0,0,1,0,0,1,0,0,0.0,666.1281174818355,2087.5272259765,2087.5272259765,275
1.904461691762752,0.6453937418298246,2.9708465425144137,5.468060141135132,1.0986122886681098,0.0813020094215009,-0.25,-1.3547556456757268,-0.3186660338170819,0.375,1.7095112913514543,0.6931471805599453,0.0,0.0,1.640257196908755,0.0,0.0,0.8218120328819019,9.414749525234145,1,0,0,0,1,0,0,1,0,0,1,1,0,0,0,1,0,0,1,0,1,0,0,1,0,0,0,1,0,1,0,0,1,0,0,0,0,1,0,1,0,1,0,0,1,0,0,0.0,668.8047967019573,2078.4833698863717,2078.4833698863717,46
-0.3738877298140239,-0.6982122049081693,-0.2374960048663839,0.0,0.0,-0.7773981450079146,-1.0,0.1900911776928238,-0.9792423321477428,0.5416666666666666,1.7095112913514543,0.0,0.0,0.0,0.6888505472923866,0.6931471805599453,6.2324480165505225,-0.69713590556265,0.0,1,0,0,1,0,0,1,0,0,0,1,1,0,0,1,0,0,1,0,0,1,0,0,1,0,0,0,1,0,1,0,0,1,0,0,1,0,0,1,0,0,1,0,0,1,0,0,0.0,505.7041675543933,2073.511147798101,2073.511147798101,324
0.5205432125698322,-0.6982122049081693,0.0407756028828164,0.0,0.0,-0.7773981450079146,0.5,0.1900911776928238,-0.985755808425212,0.125,0.0,0.6931471805599453,0.5,0.0,0.5865487570110567,0.0,0.0,-0.3758640159354622,0.0,1,0,0,1,0,0,1,0,0,0,1,1,0,0,0,1,0,0,1,0,1,0,0,1,0,0,0,1,0,1,0,0,1,0,0,1,0,0,1,0,0,1,0,0,1,0,0,0.0,577.8629952217915,2072.240686895069,2072.240686895069,293
0.0741368442887258,0.059603168793224,-0.171533078914821,0.0,0.0,-0.7773981450079146,0.75,-0.2248301433933957,0.5955394454470577,-0.2916666666666667,0.0,0.0,0.5,0.6931471805599453,-0.3034768184365136,0.0,0.0,-0.69713590556265,0.0,1,0,0,1,0,0,1,0,0,0,1,1,0,0,0,1,0,0,1,0,1,0,0,1,0,0,0,1,0,1,0,0,1,0,0,0,0,1,1,0,0,1,0,0,1,0,0,0.0,616.5440947766449,2066.457505400862,2066.457505400862,456
-0.3015559791418919,-0.6982122049081693,0.1018264838982765,7.478734825567875,1.0986122886681098,0.2337897853293062,-0.25,-2.209511291351454,0.0537996914931389,-0.5416666666666666,0.0,0.0,0.0,1.0986122886681098,0.7348863529189851,0.0,0.0,0.5423249388877636,0.0,1,0,0,0,1,0,1,0,0,0,1,0,1,0,1,0,0,0,1,0,1,0,0,1,0,0,0,1,0,1,0,0,1,0,0,0,0,1,1,0,0,1,0,0,1,0,0,0.0,723.1528820876085,2047.9503469513688,2047.9503469513688,214
0.0245939009023103,-0.6982122049081693,0.2421606204561233,6.794586580876499,1.3862943611198906,0.3253741551073228,-1.0,-0.2248301433933957,0.7807582098782665,-0.125,0.0,0.0,0.5,0.6931471805599453,0.3052188337373994,0.0,0.0,1.067242116250107,6.726804088717046,1,0,0,1,0,0,1,0,0,0,1,0,1,0,1,0,0,0,1,0,1,0,0,1,0,0,0,1,0,1,0,0,1,0,0,0,0,1,0,1,0,1,0,0,1,0,0,0.0,897.2213258919943,2047.7770044262077,2047.7770044262077,114
0.0782503980967129,-0.6982122049081693,-0.1234083134389919,0.0,0.0,-0.7773981450079146,0.5,-0.2248301433933957,0.2006158964263052,0.4166666666666667,1.0,0.0,0.5,0.0,0.8423032327143815,0.6931471805599453,5.298317366548036,-0.5092038975949189,0.0,1,0,0,1,0,0,1,0,0,0,1,1,0,0,1,0,0,0,1,0,1,0,0,1,0,0,0,1,0,1,0,0,1,0,0,0,0,1,1,0,0,1,0,0,1,0,0,0.0,575.2366828261041,2045.536485902884,2045.536485902884,95
-0.3514518035943105,-0.4309981093103629,1.265041155334104,6.39024066706535,0.6931471805599453,-0.7773981450079146,0.0,0.1900911776928238,-0.2972434308485599,-0.0833333333333333,0.0,0.0,0.0,1.0986122886681098,-0.7536046956743653,0.6931471805599453,0.0,-0.2724375685669187,0.0,1,0,0,0,1,0,1,0,0,0,1,1,0,0,1,0,0,0,1,0,1,0,0,1,0,0,0,1,0,0,1,0,1,0,0,0,0,1,1,0,0,1,0,0,1,0,0,0.0,871.7427246859595,2044.9609512606155,2044.9609512606155,202
1.006917336614498,0.2977625221175159,1.428367075912353,0.0,0.0,-0.7773981450079146,0.75,0.1900911776928238,-0.2051555449023373,1.0416666666666667,1.0,0.0,-0.5,0.0,-0.3648578926053116,0.0,0.0,-0.2724375685669187,0.0,1,0,0,1,0,0,0,1,0,0,1,1,0,0,0,1,0,0,1,0,1,0,0,1,0,0,0,1,0,1,0,0,1,0,0,1,0,0,1,0,0,0,1,0,1,0,0,0.0,692.5771696271522,2041.8504342849355,2041.8504342849355,78
-0.2042772778409445,-0.6982122049081693,0.9875167425983674,6.779921907472252,1.0986122886681098,0.3151593158788183,-0.75,0.1900911776928238,-0.0479528987360009,-0.375,0.0,0.0,0.0,1.3862943611198906,0.5967789360391896,0.6931471805599453,0.0,0.9888756833078798,0.0,1,0,0,0,1,0,0,1,0,0,1,0,1,0,1,0,0,0,1,0,1,0,0,1,0,0,0,1,0,0,1,0,1,0,0,1,0,0,1,0,0,1,0,0,1,0,0,0.0,940.6036420300276,2041.037928058863,2041.037928058863,370
-0.2732249132866664,-0.6982122049081693,1.1376914546473424,5.8805329864007,0.6931471805599453,0.1964091504788918,1.0,-0.4999999999999999,0.7321133079900188,0.3333333333333333,0.0,0.0,0.0,0.0,-0.0784128798175878,0.0,0.0,-0.3758640159354622,0.0,1,0,0,1,0,0,0,1,0,1,0,0,1,0,0,1,0,0,1,0,1,0,0,1,0,0,0,1,0,1,0,0,1,0,0,0,0,1,1,0,0,1,0,0,1,0,0,0.0,624.7094608582953,2037.3010081306857,2037.3010081306857,434
-0.177759785478401,0.3068589403746723,-0.1867825512267623,0.0,0.0,-0.7773981450079146,0.25,-2.209511291351454,-0.4563816699638411,-0.3333333333333333,0.0,0.0,0.5,0.0,1.0520219027911075,0.0,0.0,-0.5092038975949189,0.0,1,0,0,1,0,0,1,0,0,0,1,1,0,0,1,0,0,0,1,0,1,0,0,1,0,0,0,1,0,1,0,0,1,0,0,0,0,1,1,0,0,1,0,0,1,0,0,0.0,442.3100109125315,2027.913932071556,2027.913932071556,264
0.7429866211835959,-0.2943470668979059,1.0736011296434085,0.0,0.0,-0.7773981450079146,0.0,0.0,0.0780486290535312,0.2916666666666667,1.0,0.0,0.0,0.0,-0.1807146700989177,0.0,0.0,-0.2724375685669187,0.0,1,0,0,1,0,0,0,1,0,1,0,1,0,0,1,0,0,0,1,0,1,0,0,1,0,0,0,1,0,1,0,0,1,0,0,0,0,1,1,0,0,1,0,0,1,0,0,0.0,589.7067922426141,2022.5044488237347,2022.5044488237347,261
-0.3738877298140239,-0.6982122049081693,-0.2374960048663839,0.0,0.0,-0.7773981450079146,0.0,-0.4999999999999999,0.4437995295521122,-0.125,-1.7095112913514543,0.0,0.0,0.0,0.0,0.0,0.0,-0.3758640159354622,0.0,1,0,0,1,0,0,0,1,0,0,1,1,0,0,1,0,0,0,1,0,1,0,0,1,0,0,0,1,0,1,0,0,1,0,0,1,0,0,1,0,0,1,0,0,1,0,0,0.0,382.46570834346994,2019.9905740072636,2019.9905740072636,263
-0.3738877298140239,-0.6982122049081693,-0.1963180102466355,7.497207223203318,0.6931471805599453,0.3515707720072185,-1.25,0.3547556456757271,0.7513933131673329,-0.25,0.0,0.0,0.5,0.0,-0.2318655652395827,0.6931471805599453,0.0,0.0930103379658076,0.0,1,0,0,1,0,0,1,0,0,0,1,0,1,0,1,0,0,0,1,0,1,0,0,1,0,0,0,1,0,1,0,0,1,0,0,1,0,0,1,0,0,1,0,0,1,0,0,0.0,913.3576848021232,2015.8806664905924,2015.8806664905924,163
-0.0365771981447606,-0.6982122049081693,0.7866529789108367,6.570882962339584,1.0986122886681098,0.2226018549920854,0.25,-2.209511291351454,0.6047181208152866,0.125,0.0,0.0,0.5,1.0986122886681098,0.054579447548141,0.0,0.0,0.7561573919054445,0.0,1,0,0,0,1,0,0,1,0,0,1,0,1,0,1,0,0,0,1,0,1,0,0,1,0,0,0,1,0,1,0,0,1,0,0,1,0,0,1,0,0,1,0,0,1,0,0,0.0,665.6208839914523,1991.5169925386213,1991.5169925386213,499
0.0809714312229231,-0.6982122049081693,0.0037682630286178,0.0,0.0,-0.7773981450079146,-1.25,-1.3547556456757268,0.0537996914931389,-0.0833333333333333,0.0,0.0,0.0,0.0,0.095500163660673,0.0,0.0,-0.2724375685669187,7.631611824688056,1,0,0,1,0,0,1,0,0,0,1,1,0,0,1,0,0,0,1,0,1,0,0,1,0,0,0,1,0,1,0,0,1,0,0,0,0,1,0,1,0,1,0,0,1,0,0,0.0,497.1430920961915,1982.9949534953728,1982.9949534953728,341
-0.1066732476559463,0.3070353271797607,-0.1853220749539674,0.0,0.0,-0.7773981450079146,0.25,-1.3547556456757268,0.7981638612134231,0.1666666666666666,0.0,0.0,0.5,0.0,0.2642981176248674,0.0,0.0,-0.3758640159354622,0.0,1,0,0,1,0,0,0,1,0,0,1,1,0,0,0,1,0,0,1,0,1,0,0,1,0,0,0,1,0,1,0,0,1,0,0,1,0,0,1,0,0,1,0,0,1,0,0,0.0,438.1374449965364,1981.7999161958144,1981.7999161958144,300
-0.2256183232275472,-0.1679852781903695,-0.2231150118211723,0.0,0.0,-0.7773981450079146,-0.25,0.6299255022823318,-0.6127098448925329,0.625,0.0,0.0,-0.5,0.0,2.0085436419215426,0.0,0.0,-0.3758640159354622,0.0,1,0,0,1,0,0,1,0,0,0,1,1,0,0,1,0,0,0,1,0,1,0,0,1,0,0,0,1,0,1,0,0,1,0,0,1,0,0,1,0,0,0,1,0,1,0,0,0.0,511.9012732512847,1979.0614301411204,1979.0614301411204,247
0.257192053382202,-0.0206478179865508,0.0322392880717756,0.0,0.0,-0.7773981450079146,-0.75,-0.2248301433933957,1.7428687140358825,-0.5833333333333334,0.0,0.0,0.5,0.0,-0.3750880716334446,0.0,0.0,-0.2724375685669187,0.0,1,0,0,1,0,0,1,0,0,0,1,1,0,0,1,0,0,0,1,0,1,0,0,1,0,0,0,1,0,1,0,0,1,0,0,1,0,0,1,0,0,1,0,0,1,0,0,0.0,725.4730113670925,1978.4029402298177,1978.4029402298177,164
-0.3738877298140239,0.3007341776234435,-0.2374960048663839,0.0,0.0,-0.7773981450079146,-1.25,0.5000000000000001,0.9289298594604324,0.0833333333333333,-1.7095112913514543,0.0,0.5,0.6931471805599453,0.0,0.0,0.0,-0.3758640159354622,0.0,1,0,0,1,0,0,1,0,0,0,1,1,0,0,1,0,0,0,1,0,1,0,0,1,0,0,0,1,0,1,0,0,1,0,0,0,0,1,1,0,0,1,0,0,1,0,0,0.0,532.9430690643351,1973.8922573414293,1973.8922573414293,72
0.0276688145459194,0.0419217596348914,-0.2148651328024917,0.0,0.0,-0.7773981450079146,-1.25,-2.209511291351454,-0.5090125462799842,-1.1666666666666667,0.0,0.0,-0.5,0.0,-0.5899218312242375,0.0,0.0,-0.3758640159354622,0.0,1,0,0,1,0,0,0,1,0,0,1,1,0,0,1,0,0,0,1,0,1,0,0,1,0,0,0,1,0,1,0,0,1,0,0,1,0,0,1,0,0,1,0,0,1,0,0,0.0,620.140033272848,1954.9928394800068,1954.9928394800068,305
0.2740857966643636,-0.6982122049081693,0.3806734148691366,0.0,0.0,-0.7773981450079146,0.0,-0.4999999999999999,-0.6002949967701883,1.25,1.0,0.0,-0.5,0.0,0.8423032327143815,0.0,0.0,-0.5092038975949189,0.0,1,0,0,1,0,0,1,0,0,0,1,1,0,0,0,1,0,0,1,0,1,0,0,1,0,0,0,1,0,1,0,0,1,0,0,0,0,1,1,0,0,0,1,0,0,1,0,0.0,699.3650010403203,1947.3813755409772,1947.3813755409772,399
-0.3081089805739513,-0.6982122049081693,-0.2276382996210255,0.0,0.0,-0.7773981450079146,-1.5,-2.209511291351454,0.0537996914931389,1.0,0.0,0.0,-0.5,0.0,-0.1397939539863857,0.0,0.0,-0.5092038975949189,0.0,1,0,0,1,0,0,1,0,0,1,0,1,0,0,1,0,0,0,1,0,1,0,0,1,0,0,0,1,0,1,0,0,1,0,0,0,0,1,1,0,0,0,1,0,1,0,0,0.0,619.9459703552083,1944.5649127377155,1944.5649127377155,379
0.0168106943966065,0.0041437056072138,-0.1824062973271138,0.0,0.0,-0.7773981450079146,0.5,-1.3547556456757268,-1.1717187475657365,-1.1666666666666667,0.0,0.6931471805599453,0.5,0.6931471805599453,-0.0732977903035213,0.0,0.0,-0.2724375685669187,0.0,1,0,0,1,0,0,1,0,0,0,1,1,0,0,1,0,0,0,1,0,1,0,0,1,0,0,0,1,0,1,0,0,1,0,0,1,0,0,1,0,0,1,0,0,1,0,0,0.0,604.6109705445,1937.7318603460733,1937.7318603460733,151
-0.3700675774579466,-0.6982122049081693,-0.2299061758607474,0.0,0.0,-0.7773981450079146,0.0,-0.2248301433933957,0.3004529989049569,-1.0,0.0,0.0,-0.5,0.0,-0.1858297596129842,0.0,0.0,-0.3758640159354622,0.0,1,0,0,0,1,0,0,1,0,0,1,1,0,0,1,0,0,0,1,0,1,0,0,1,0,0,0,1,0,1,0,0,1,0,0,1,0,0,1,0,0,1,0,0,1,0,0,0.0,599.3272354154367,1932.288096054408,1932.288096054408,55
-0.3719734831507262,-0.6982122049081693,0.2442234747709186,0.0,0.0,-0.7773981450079146,-0.5,-1.3547556456757268,0.4375256371652323,-0.875,0.0,0.0,0.0,0.0,-0.6308425473367694,0.0,0.0,-0.69713590556265,0.0,1,0,0,0,1,0,1,0,0,0,1,1,0,0,0,1,0,0,1,0,1,0,0,1,0,0,0,1,0,1,0,0,1,0,0,1,0,0,1,0,0,1,0,0,1,0,0,0.0,620.3201641668451,1917.801472504044,1917.801472504044,336
-0.3738877298140239,0.3007341776234435,-0.2374960048663839,0.0,0.0,-0.7773981450079146,-0.25,0.1900911776928238,-1.148374671634553,0.0,-1.7095112913514543,0.0,0.5,0.6931471805599453,0.0,0.0,0.0,-0.5092038975949189,0.0,1,0,0,1,0,0,1,0,0,0,1,1,0,0,1,0,0,0,1,0,1,0,0,1,0,0,0,1,0,1,0,0,1,0,0,0,0,1,1,0,0,1,0,0,1,0,0,0.0,466.7596417645461,1907.4369682620068,1907.4369682620068,394
-0.3738877298140239,0.3007341776234435,-0.2374960048663839,0.0,0.0,-0.7773981450079146,0.0,-0.2248301433933957,-0.1360260150578803,0.0,0.0,0.0,0.0,0.0,-0.9428630076948256,0.0,0.0,-0.5092038975949189,0.0,1,0,0,1,0,0,1,0,0,1,0,1,0,0,1,0,0,0,1,0,1,0,0,1,0,0,1,0,0,1,0,0,1,0,0,1,0,0,1,0,0,1,0,0,1,0,0,0.0,479.5615947437356,1903.589372942456,1903.589372942456,276
-0.1609344548205853,0.5343322399895416,1.6961457745039188,7.431299675155903,1.3862943611198906,0.1964091504788918,-0.25,0.0,0.4642387589796182,-0.75,0.0,0.0,0.5,0.0,-0.7229141585899663,0.6931471805599453,0.0,0.4735326580560004,0.0,1,0,0,0,1,0,1,0,0,1,0,0,1,0,1,0,0,0,1,0,1,0,0,1,0,0,0,1,0,1,0,0,1,0,0,1,0,0,1,0,0,1,0,0,1,0,0,0.0,936.7755306385384,1900.4762523885945,1900.4762523885945,461
-0.3738877298140239,0.3009179546353838,-0.235974300226629,0.0,0.0,-0.7773981450079146,0.0,-0.854755645675727,0.0044193916884987,0.1666666666666666,0.0,0.0,0.0,0.0,1.0417917237629748,0.0,0.0,-0.5092038975949189,0.0,1,0,0,1,0,0,0,1,0,0,1,1,0,0,1,0,0,1,0,0,1,0,0,1,0,0,0,1,0,1,0,0,1,0,0,0,0,1,1,0,0,1,0,0,1,0,0,0.0,345.5447005624044,1895.1822565900943,1895.1822565900943,387
0.9374177105714362,0.4217744030578896,0.2129126458767948,0.0,0.0,-0.7773981450079146,-1.0,0.5000000000000001,-0.605291660630214,1.0,1.0,0.0,-0.5,0.0,-1.3264947212498128,0.0,0.0,-0.2724375685669187,0.0,1,0,0,1,0,0,1,0,0,0,1,1,0,0,0,1,0,0,1,0,1,0,0,1,0,0,0,1,0,1,0,0,1,0,0,1,0,0,1,0,0,0,1,0,1,0,0,0.0,724.9861568198157,1883.521675827907,1883.521675827907,63
-0.3738877298140239,-0.6982122049081693,-0.1751468510621674,7.162397497355718,1.0986122886681098,0.3039703185124983,0.5,-0.2248301433933957,1.0494200382415833,-0.7083333333333334,0.0,0.0,0.5,1.0986122886681098,0.6735052787501872,0.0,0.0,1.2517280313027763,0.0,1,0,0,0,1,0,0,1,0,0,1,0,1,0,1,0,0,0,1,0,1,0,0,1,0,0,0,1,0,1,0,0,1,0,0,0,0,1,1,0,0,1,0,0,1,0,0,0.0,856.2367403278538,1882.1440907459723,1882.1440907459723,377
0.5956329168937821,0.2937701415118225,1.5727579809308698,7.431299675155903,0.6931471805599453,0.3515707720072185,0.5,-1.3547556456757268,0.2127504185527298,-0.875,0.0,0.0,0.5,0.0,0.1313057902591385,0.6931471805599453,0.0,0.8473320943553588,0.0,0,1,0,0,1,0,1,0,0,0,1,0,1,0,1,0,0,0,1,0,1,0,0,1,0,0,0,1,0,0,1,0,1,0,0,1,0,0,1,0,0,1,0,0,1,0,0,0.0,719.1184731836776,1875.4702057785964,1875.4702057785964,219
-0.3681699403624972,-0.6982122049081693,0.0966107349943045,0.0,0.0,-0.7773981450079146,1.25,-1.3547556456757268,0.0537996914931389,0.0,0.0,0.0,0.0,0.0,-0.451814414344442,0.0,0.0,-0.69713590556265,0.0,1,0,0,1,0,0,1,0,0,0,1,1,0,0,1,0,0,0,1,0,1,0,0,1,0,0,1,0,0,0,1,0,1,0,0,1,0,0,1,0,0,1,0,0,1,0,0,0.0,496.74448517462514,1874.033896198184,1874.033896198184,229
0.5558215235161961,0.2726953440389313,0.9491180775525112,7.5310163320779155,1.3862943611198906,0.3515707720072185,0.0,1.284270648697022,0.5198419235425293,-0.1666666666666666,0.0,0.0,0.5,0.6931471805599453,0.0136587314356091,1.0986122886681098,0.0,0.901924220663633,0.0,0,1,0,0,1,0,0,1,0,0,1,0,1,0,0,1,0,0,1,0,1,0,0,1,0,0,0,1,0,0,1,0,1,0,0,1,0,0,1,0,0,1,0,0,1,0,0,0.0,895.4044540371574,1874.022871144284,1874.022871144284,39
0.4133392971427849,-0.2181650740539542,0.0254905139221881,0.0,0.0,-0.7773981450079146,-0.75,0.6299255022823318,1.3182105120592091,-0.9583333333333334,0.0,0.0,-0.5,0.0,-0.502965309485107,0.0,0.0,-0.2724375685669187,6.584374008890684,1,0,0,1,0,0,1,0,0,0,1,1,0,0,0,1,0,0,1,0,1,0,0,1,0,0,0,1,0,1,0,0,1,0,0,1,0,0,0,1,0,1,0,0,1,0,0,0.0,764.7740858242539,1870.630443327293,1870.630443327293,265
0.2193388541200546,-0.6982122049081693,0.4837409244004633,0.0,0.0,0.0813020094215009,-0.5,-0.2248301433933957,-1.0148924622617348,0.5416666666666666,0.0,0.0,0.0,0.0,0.2336075805404684,0.0,0.0,-0.3758640159354622,0.0,1,0,0,1,0,0,1,0,0,0,1,0,1,0,1,0,0,0,1,0,1,0,0,1,0,0,0,1,0,1,0,0,1,0,0,1,0,0,1,0,0,1,0,0,1,0,0,0.0,549.9762459213316,1869.6758274222225,1869.6758274222225,104
-0.0755245119030383,-0.1407947480196707,-0.2022228172364573,0.0,0.0,-0.7773981450079146,0.0,-0.4999999999999999,-0.3395287838524035,0.9166666666666666,0.0,0.0,-0.5,0.0,0.6070091150673227,0.0,0.0,-0.3758640159354622,0.0,1,0,0,1,0,0,0,1,0,0,1,1,0,0,1,0,0,0,1,0,1,0,0,1,0,0,0,1,0,1,0,0,1,0,0,0,0,1,1,0,0,0,1,0,1,0,0,0.0,488.85746743268254,1866.913904523647,1866.913904523647,417
-0.3738877298140239,0.3007341776234435,-0.2374960048663839,0.0,0.0,-0.7773981450079146,0.5,-0.854755645675727,-0.2034074909594061,-0.625,0.0,0.0,-0.5,0.0,-0.6717632634493014,0.0,0.0,-0.69713590556265,0.0,1,0,0,1,0,0,1,0,0,0,1,1,0,0,1,0,0,0,1,0,1,0,0,1,0,0,0,1,0,1,0,0,1,0,0,1,0,0,1,0,0,1,0,0,1,0,0,0.0,438.3117579925336,1855.7529040458903,1855.7529040458903,53
0.3738648918208353,-0.6982122049081693,0.276266670002916,0.0,0.0,0.2777746798193014,0.75,-0.854755645675727,-0.1238163592984995,-0.125,1.0,0.0,0.5,0.6931471805599453,0.6172392940954556,0.0,0.0,-0.2724375685669187,8.41951318198778,1,0,0,1,0,0,1,0,0,0,1,1,0,0,0,1,0,0,1,0,1,0,0,1,0,0,0,1,0,1,0,0,1,0,0,0,0,1,0,1,0,1,0,0,1,0,0,0.0,498.1318783945164,1855.7347199447088,1855.7347199447088,159
-0.3738877298140239,-0.6982122049081693,-0.2037034440565104,0.0,0.0,-0.7773981450079146,0.0,0.6299255022823318,1.168838751771368,0.6666666666666666,0.0,0.0,-0.5,0.0,-1.2702287365950815,0.0,0.0,-0.5092038975949189,0.0,1,0,0,1,0,0,1,0,0,0,1,1,0,0,1,0,0,0,1,0,1,0,0,1,0,0,0,1,0,1,0,0,1,0,0,0,0,1,1,0,0,1,0,0,1,0,0,0.0,679.5681603437921,1850.803490513702,1850.803490513702,44
-0.3625259309000868,-0.6982122049081693,-0.0094510158473066,0.0,0.0,0.1412451268717317,0.0,-2.209511291351454,-1.2729237488708929,1.0,0.0,0.0,-0.5,0.0,-0.5387709360835725,0.0,0.0,-0.3758640159354622,0.0,1,0,0,1,0,0,1,0,0,1,0,1,0,0,1,0,0,0,1,0,1,0,0,1,0,0,0,1,0,1,0,0,1,0,0,1,0,0,1,0,0,0,1,0,1,0,0,0.0,578.3286625867859,1849.2754989285445,1849.2754989285445,492
0.4091962711683405,0.3924948133776108,0.5221791744947812,6.680854678790215,1.3862943611198906,0.3347709618907994,0.25,-2.209511291351454,0.0246370216355173,-0.25,0.0,0.0,0.5,0.0,0.044349268520008,0.0,0.0,0.7854406461374283,0.0,1,0,0,1,0,0,0,1,0,0,1,0,1,0,1,0,0,0,1,0,0,1,0,1,0,0,0,1,0,0,1,0,1,0,0,1,0,0,1,0,0,1,0,0,1,0,0,0.0,598.7421678545538,1842.8046425475204,1842.8046425475204,480
-0.3738877298140239,-0.6982122049081693,-0.2374960048663839,0.0,0.0,-0.7773981450079146,-1.0,0.3547556456757271,-1.5845913792574329,-0.25,0.0,0.0,0.0,1.3862943611198906,-0.9172875601244932,0.0,0.0,-0.2724375685669187,0.0,1,0,0,1,0,0,0,1,0,1,0,1,0,0,1,0,0,1,0,0,1,0,0,1,0,0,0,1,0,1,0,0,1,0,0,1,0,0,1,0,0,1,0,0,1,0,0,0.0,497.9566080593461,1824.5469414394408,1824.5469414394408,473
-0.3738877298140239,-0.6982122049081693,-0.2374960048663839,0.0,0.0,-0.7773981450079146,-1.0,0.1900911776928238,0.5280669148275673,0.5416666666666666,0.0,0.0,0.0,0.0,-0.9224026496385596,0.0,0.0,-0.2724375685669187,0.0,1,0,0,1,0,0,1,0,0,1,0,1,0,0,1,0,0,0,1,0,1,0,0,1,0,0,0,1,0,1,0,0,1,0,0,1,0,0,1,0,0,1,0,0,1,0,0,0.0,619.4082117335199,1818.869820273775,1818.869820273775,241
-0.3738877298140239,-0.6982122049081693,-0.2374960048663839,0.0,0.0,-0.7773981450079146,-0.25,-0.4999999999999999,-0.0035078550865281,-1.0833333333333333,0.0,0.0,-0.5,0.0,-0.3392824450349791,0.0,0.0,-0.3758640159354622,0.0,1,0,0,1,0,0,0,1,0,0,1,1,0,0,1,0,0,0,1,0,1,0,0,1,0,0,0,1,0,1,0,0,1,0,0,1,0,0,1,0,0,1,0,0,1,0,0,0.0,446.9002198626432,1815.68164672864,1815.68164672864,51
-0.3738877298140239,-0.6982122049081693,0.1851187816896505,7.339537695407674,1.0986122886681098,0.2440037353446678,0.25,-0.4999999999999999,0.8282832954039174,-0.5,0.0,0.0,0.5,0.0,-0.6717632634493014,0.6931471805599453,0.0,0.346331904053504,0.0,1,0,0,1,0,0,1,0,0,0,1,0,1,0,1,0,0,0,1,0,1,0,0,1,0,0,0,1,0,1,0,0,1,0,0,0,0,1,1,0,0,1,0,0,1,0,0,0.0,703.4130877469026,1814.6215086520303,1814.6215086520303,76
0.2692622376982386,-0.6982122049081693,0.1075960236562924,0.0,0.0,-0.7773981450079146,-0.25,-0.4999999999999999,-0.0703266466237576,-0.5,0.0,0.0,0.0,0.0,0.8013825166018496,0.0,0.0,-0.3758640159354622,0.0,1,0,0,1,0,0,1,0,0,0,1,0,1,0,0,1,0,0,1,0,1,0,0,1,0,0,0,1,0,1,0,0,1,0,0,1,0,0,1,0,0,1,0,0,1,0,0,0.0,488.7738179293429,1812.8205536253051,1812.8205536253051,285
0.316052341755609,0.4605687574472027,1.0856463570493164,6.570882962339584,0.6931471805599453,0.1964091504788918,-0.25,0.5000000000000001,-1.1684323170441693,-0.625,0.0,0.0,0.0,0.0,0.5507431304125913,0.0,0.0,0.7355541172201832,5.980891858095486,1,0,0,0,1,0,0,1,0,0,1,0,1,0,0,1,0,0,1,0,1,0,0,1,0,0,0,1,0,1,0,0,1,0,0,1,0,0,0,1,0,1,0,0,1,0,0,0.0,783.1878682898991,1812.728156415804,1812.728156415804,249
0.2218031122686361,-0.6982122049081693,0.1041375375820438,0.0,0.0,0.1412451268717317,-0.25,-1.3547556456757268,1.0136805953037396,0.25,0.0,0.6931471805599453,0.5,0.6931471805599453,0.2694132071389339,0.0,0.0,0.5423249388877636,7.993387197590881,1,0,0,1,0,0,1,0,0,0,1,1,0,0,1,0,0,0,1,0,1,0,0,1,0,0,0,1,0,1,0,0,1,0,0,1,0,0,0,1,0,1,0,0,1,0,0,0.0,526.8629819788968,1808.873889921226,1808.873889921226,437
-0.0234671858962722,-0.6982122049081693,-0.0804371609448794,0.0,0.0,-0.7773981450079146,0.25,0.0,0.0537996914931389,-0.75,0.0,0.0,0.0,0.0,0.3870602659624633,0.0,0.0,-0.3758640159354622,6.117724492033437,1,0,0,0,1,0,1,0,0,0,1,1,0,0,0,1,0,0,1,0,1,0,0,1,0,0,0,1,0,1,0,0,1,0,0,0,0,1,0,1,0,1,0,0,1,0,0,0.0,643.7616658951572,1800.4571286237976,1800.4571286237976,280
1.0102522837307226,0.4423405682486354,0.3220980555740064,0.0,0.0,-0.7773981450079146,-1.25,0.1900911776928238,0.6951794983949094,1.5416666666666667,1.0,0.0,-0.5,0.0,0.4791318772156602,0.0,0.0,-0.2724375685669187,0.0,1,0,0,1,0,0,1,0,0,1,0,1,0,0,0,1,0,0,1,0,1,0,0,1,0,0,0,1,0,1,0,0,1,0,0,0,0,1,1,0,0,0,1,0,1,0,0,0.0,816.9255920107464,1794.4445738895988,1794.4445738895988,354
0.1327162709429034,0.3445542798084135,0.1253120822327264,0.0,0.0,-0.7773981450079146,1.0,0.8547556456757273,1.411137744159567,0.0833333333333333,0.0,0.0,0.0,0.0,0.6735052787501872,0.0,0.0,-0.69713590556265,0.0,1,0,0,0,1,0,1,0,0,0,1,0,1,0,1,0,0,0,1,0,1,0,0,1,0,0,0,1,0,1,0,0,1,0,0,1,0,0,1,0,0,1,0,0,1,0,0,1.0,651.6075832042299,2445.1933088406827,1793.585725636453,170
-0.2082002159252451,-0.5948396818935187,-0.226883266066437,0.0,0.0,0.0,-0.5,-2.209511291351454,0.4330593381084526,-1.0,0.0,0.0,-0.5,0.0,-0.0732977903035213,0.0,0.0,-0.2724375685669187,0.0,1,0,0,0,1,0,1,0,0,0,1,1,0,0,1,0,0,0,1,0,1,0,0,1,0,0,0,1,0,1,0,0,1,0,0,1,0,0,1,0,0,1,0,0,1,0,0,0.0,525.5426358494018,1782.9555843597022,1782.9555843597022,203
1.1212305218601817,0.39294140004866,1.0659465297874076,0.0,0.0,0.2916015803787529,0.5,-2.209511291351454,0.0958741506779012,1.0,1.0,0.0,-0.5,0.0,2.0085436419215426,1.0986122886681098,0.0,0.713992212695902,0.0,0,1,0,0,1,0,0,1,0,0,1,1,0,0,0,1,0,0,1,0,0,1,0,1,0,0,0,1,0,0,1,0,1,0,0,1,0,0,1,0,0,0,1,0,1,0,0,0.0,678.8136352529737,1778.0684270153954,1778.0684270153954,365
0.2400911194144683,0.4845665592386076,1.2842685004814565,7.301147805856032,0.6931471805599453,0.2916015803787529,0.5,2.4846811479580584,0.4574350973932145,-0.5416666666666666,0.0,0.0,0.0,0.0,-0.0272619846769228,0.0,0.0,0.3701062106874569,0.0,1,0,0,0,1,0,0,1,0,0,1,0,1,0,1,0,0,1,0,0,1,0,0,1,0,0,0,1,0,0,1,0,1,0,0,0,0,1,1,0,0,1,0,0,1,0,0,0.0,758.3880104121006,1777.3953803421207,1777.3953803421207,427
0.7102957587939078,-0.3548161164664111,1.7829519704131036,7.030857476116121,0.6931471805599453,0.2533997897012408,0.25,0.7474574155078949,0.9851758860311564,-0.0416666666666666,1.0,0.0,0.5,1.3862943611198906,0.2438377595686014,0.0,0.0,1.3162064482566287,7.674179036660361,0,1,0,0,1,0,0,1,0,1,0,0,1,0,0,1,0,0,1,0,1,0,0,1,0,0,0,1,0,0,1,0,1,0,0,0,0,1,0,1,0,1,0,0,0,1,0,0.0,1221.8134520505123,1777.3111398820436,1777.3111398820436,420
0.3188169854073607,0.1828898995611341,-0.1345641164685462,0.0,0.0,0.0,-1.25,-2.209511291351454,-0.1333623569628729,-1.125,0.0,0.0,-0.5,0.0,-0.5336558465695059,0.0,0.0,-0.2724375685669187,0.0,1,0,0,0,1,0,0,1,0,0,1,1,0,0,0,1,0,0,1,0,1,0,0,1,0,0,0,1,0,1,0,0,1,0,0,1,0,0,1,0,0,1,0,0,1,0,0,0.0,634.8840663271728,1776.1999720450517,1776.1999720450517,369
0.9140236138383498,-0.6982122049081693,0.2286673573703341,0.0,0.0,0.2226018549920854,-0.75,-0.4999999999999999,1.837018995323931,0.9166666666666666,0.0,0.0,-0.5,0.0,-0.7996405013009638,0.0,0.0,-0.3758640159354622,0.0,1,0,0,1,0,0,1,0,0,1,0,1,0,0,0,1,0,0,1,0,1,0,0,1,0,0,1,0,0,1,0,0,1,0,0,0,0,1,1,0,0,0,1,0,1,0,0,0.0,763.1598595643749,1776.1010904009918,1776.1010904009918,405
-0.1965354002590151,-0.1178054823267849,-0.2208595698778574,0.0,0.0,-0.7773981450079146,-0.5,0.1900911776928238,1.1599308355139757,-0.4583333333333333,0.0,0.0,0.5,1.0986122886681098,-0.0016865371065903,0.0,0.0,-0.2724375685669187,0.0,1,0,0,1,0,0,1,0,0,0,1,1,0,0,1,0,0,0,1,0,1,0,0,1,0,0,0,1,0,1,0,0,1,0,0,0,0,1,1,0,0,1,0,0,1,0,0,0.0,546.3117764096606,1775.6220947435274,1775.6220947435274,289
1.4225260753205249,0.4617291031122807,1.6732126696730498,0.0,0.0,-0.7773981450079146,1.25,0.5000000000000001,2.504648769163127,0.4583333333333333,1.7095112913514543,0.0,0.0,0.0,0.4944771457578598,0.0,0.0,-0.2724375685669187,7.237183736311485,1,0,0,1,0,0,1,0,0,0,1,0,1,0,0,1,0,0,1,0,0,1,0,1,0,0,0,1,0,0,1,0,1,0,0,0,0,1,0,1,0,1,0,0,1,0,0,1.0,671.2063480634495,2446.3180920914424,1775.111744027993,169
-0.3406511396700217,-0.6982122049081693,0.0168474409300095,0.0,0.0,-0.7773981450079146,-1.0,0.0,-0.851835956646081,-0.5,0.0,0.0,0.0,0.0,-0.0528374322472553,0.0,0.0,-0.5092038975949189,0.0,1,0,0,1,0,0,1,0,0,0,1,1,0,0,1,0,0,0,1,0,1,0,0,1,0,0,0,1,0,1,0,0,1,0,0,0,0,1,1,0,0,1,0,0,1,0,0,0.0,588.5005607262716,1773.9671056493555,1773.9671056493555,123
0.2827219047316952,0.1688783049684571,-0.1557570065880212,0.0,0.0,-0.7773981450079146,-1.25,0.5000000000000001,-0.3681957557538977,0.7083333333333334,0.0,0.0,-0.5,0.0,-1.183272214855951,0.0,0.0,-0.2724375685669187,0.0,1,0,0,1,0,0,1,0,0,0,1,1,0,0,0,1,0,0,1,0,1,0,0,1,0,0,0,1,0,1,0,0,1,0,0,1,0,0,1,0,0,0,1,0,1,0,0,0.0,738.8273300594062,1773.307900993134,1773.307900993134,358
0.5071843827458866,-0.6982122049081693,0.2847725780765396,0.0,0.0,-0.7773981450079146,1.25,-0.2248301433933957,0.1096111677953832,0.1666666666666666,0.0,0.6931471805599453,0.5,0.0,-0.0323770741909893,0.0,0.0,-0.3758640159354622,0.0,1,0,0,1,0,0,0,1,0,0,1,0,1,0,1,0,0,0,1,0,1,0,0,1,0,0,0,1,0,1,0,0,1,0,0,0,0,1,1,0,0,1,0,0,1,0,0,0.0,606.0298923390562,1769.5593200210435,1769.5593200210435,360
-0.3738877298140239,-0.6982122049081693,-0.2374960048663839,0.0,0.0,-0.7773981450079146,-1.25,-0.854755645675727,-0.2977292754127259,0.375,1.0,0.0,0.0,0.0,0.9036843068831796,0.0,0.0,-0.3758640159354622,0.0,1,0,0,1,0,0,1,0,0,0,1,1,0,0,1,0,0,0,1,0,1,0,0,1,0,0,0,1,0,1,0,0,1,0,0,1,0,0,1,0,0,1,0,0,1,0,0,0.0,447.0224104057101,1759.4728998900046,1759.4728998900046,450
0.2078209507560516,-0.6982122049081693,0.2606033393715979,0.0,0.0,-0.7773981450079146,0.75,-0.854755645675727,0.4746343688603069,0.375,0.0,0.0,0.0,0.0,-0.8968272020682272,0.0,0.0,-0.3758640159354622,0.0,1,0,0,1,0,0,0,1,0,0,1,1,0,0,0,1,0,0,1,0,1,0,0,1,0,0,0,1,0,1,0,0,1,0,0,0,0,1,1,0,0,1,0,0,0,1,0,0.0,634.7640586833937,1759.2678189018309,1759.2678189018309,231
-0.3738877298140239,-0.6982122049081693,-0.0959521797480231,7.369600720526409,1.791759469228055,-0.7773981450079146,0.0,-2.209511291351454,0.4839026044027356,-0.1666666666666666,0.0,0.0,0.5,1.6094379124341005,-0.61549727879457,0.0,0.0,1.3565359919502775,0.0,1,0,0,0,1,0,0,1,0,0,1,1,0,0,1,0,0,0,1,0,1,0,0,1,0,0,0,1,0,0,1,0,1,0,0,0,0,1,1,0,0,1,0,0,1,0,0,0.0,826.4070981436703,1756.600991801587,1756.600991801587,313
0.5922747071969134,0.2943470668979059,-0.0234533582966102,0.0,0.0,-0.7773981450079146,-0.25,-0.4999999999999999,-0.6326042174509174,0.7916666666666666,0.0,0.0,-0.5,0.0,-0.1653694015567182,0.0,0.0,-0.3758640159354622,0.0,1,0,0,1,0,0,1,0,0,0,1,1,0,0,1,0,0,0,1,0,1,0,0,1,0,0,0,1,0,1,0,0,1,0,0,0,0,1,1,0,0,0,1,0,1,0,0,0.0,456.6558101259777,1754.3810478093626,1754.3810478093626,70
1.2090048200721557,0.0218584913731534,2.8974992648419184,0.0,1.0986122886681098,0.3515707720072185,-0.25,0.6299255022823318,-0.0471831990258146,-0.0416666666666666,1.7095112913514543,0.0,0.5,0.0,-0.1602543120426517,0.0,0.0,1.4396600392705077,8.472879363155887,0,1,0,0,1,0,0,1,0,0,1,0,1,0,0,1,0,0,1,0,0,1,0,1,0,0,0,1,0,0,1,0,1,0,0,0,0,1,0,1,0,1,0,0,0,1,0,0.0,1205.0615611731532,1754.0954279481148,1754.0954279481148,357
0.8696403986638244,0.3888222186400048,0.2250092068427999,0.0,0.0,0.1807358470143375,-0.5,-0.2248301433933957,0.3531014210245357,0.4166666666666667,1.0,0.0,0.0,0.0,0.5405129513844582,0.0,0.0,0.713992212695902,6.35307345275305,1,0,0,1,0,0,0,1,0,0,1,1,0,0,1,0,0,0,1,0,1,0,0,1,0,0,0,1,0,1,0,0,1,0,0,1,0,0,0,1,0,1,0,0,1,0,0,0.0,542.2329101684545,1747.7989663590936,1747.7989663590936,56
0.937800391842077,0.5066956349400192,1.467418671641409,0.0,0.6931471805599453,0.1626430958153664,0.5,0.0,-0.7920319917815486,0.3333333333333333,1.7095112913514543,0.0,0.5,0.0,0.826957964172182,0.0,0.0,0.724898536170714,9.372891046105144,1,0,0,1,0,0,0,1,0,0,1,1,0,0,0,1,0,0,1,0,1,0,0,1,0,0,0,1,0,0,1,0,1,0,0,0,0,1,0,1,0,1,0,0,0,1,0,0.0,751.1368935121674,1745.3881794527022,1745.3881794527022,308
-0.3738877298140239,0.3007341776234435,-0.2374960048663839,0.0,0.0,-0.7773981450079146,0.0,0.1900911776928238,-0.0817842418456491,0.1666666666666666,-1.7095112913514543,0.0,0.0,0.0,0.0,1.0986122886681098,5.209486152841421,-0.3758640159354622,0.0,1,0,0,1,0,0,0,1,0,1,0,0,1,0,0,1,0,0,1,0,0,1,0,1,0,0,0,1,0,1,0,0,1,0,0,1,0,0,1,0,0,1,0,0,1,0,0,0.0,484.034766009932,1739.528405259697,1739.528405259697,393
0.3521591905861492,0.1892370287775403,-0.1199427051337663,0.0,0.0,0.2226018549920854,-0.25,0.5000000000000001,-0.4325220529746137,-0.25,0.0,0.0,0.5,0.0,-0.2114052071833167,0.0,0.0,-0.1879320079677311,0.0,1,0,0,0,1,0,0,1,0,1,0,1,0,0,0,1,0,0,1,0,1,0,0,1,0,0,0,1,0,0,1,0,1,0,0,1,0,0,1,0,0,1,0,0,1,0,0,0.0,692.2395402588289,1739.3134668945686,1739.3134668945686,298
-0.2055810184915332,-0.6982122049081693,-0.0932398658947453,0.0,0.0,-0.7773981450079146,1.25,0.6299255022823318,-0.5385155388484054,-0.25,0.0,0.0,0.0,0.0,0.3052188337373994,0.0,0.0,-0.69713590556265,0.0,1,0,0,0,1,0,1,0,0,0,1,0,1,0,1,0,0,0,1,0,1,0,0,1,0,0,0,1,0,0,1,0,1,0,0,1,0,0,1,0,0,1,0,0,1,0,0,0.0,614.0620537322701,1738.6391845531036,1738.6391845531036,90
0.0768835074079523,0.0311101410305371,-0.116486801709081,0.0,0.0,0.1964091504788918,0.25,0.0,0.72251078051953,-0.5416666666666666,0.0,0.0,0.0,0.0,0.6070091150673227,0.0,0.0,-0.2724375685669187,0.0,1,0,0,1,0,0,1,0,0,0,1,1,0,0,1,0,0,0,1,0,1,0,0,1,0,0,0,1,0,0,1,0,1,0,0,0,0,1,1,0,0,1,0,0,1,0,0,0.0,570.9690446024291,1737.587494493023,1737.587494493023,463
1.4925156749526702,0.6030423400970012,1.2411523566728304,5.831882477283517,1.0986122886681098,0.3515707720072185,0.75,0.7474574155078949,1.712050814036038,-0.2083333333333333,1.7095112913514543,0.0,0.5,0.6931471805599453,-0.1346788644723192,0.0,0.0,0.4735326580560004,8.078921438159936,0,1,0,0,1,0,0,1,0,1,0,1,0,0,0,1,0,0,1,0,1,0,0,1,0,0,0,1,0,0,1,0,1,0,0,0,0,1,0,1,0,1,0,0,1,0,0,0.0,1034.121505744114,1735.9438415905834,1735.9438415905834,474
1.023657926844585,0.5866874792344243,2.1294359170051287,0.0,0.6931471805599453,0.3515707720072185,-0.5,0.6299255022823318,0.9715500066982116,-0.375,1.7095112913514543,0.0,0.5,1.3862943611198906,0.2796433861670669,0.0,0.0,0.4142822275929955,8.068052040785162,1,0,0,1,0,0,1,0,0,0,1,0,1,0,0,1,0,0,1,0,1,0,0,1,0,0,0,1,0,0,1,0,1,0,0,0,0,1,0,1,0,1,0,0,0,1,0,0.0,998.5496455427306,1734.2718520320657,1734.2718520320657,97
-0.3738877298140239,0.320992781710919,-0.0697580045803941,0.0,0.0,-0.7773981450079146,-1.25,-1.3547556456757268,0.4492304495528213,-0.7916666666666666,0.0,0.0,0.0,0.0,0.0,0.0,0.0,-0.3758640159354622,0.0,1,0,0,1,0,0,1,0,0,0,1,0,1,0,1,0,0,0,1,0,1,0,0,1,0,0,0,1,0,1,0,0,1,0,0,1,0,0,1,0,0,1,0,0,1,0,0,0.0,491.464233898437,1729.292700261092,1729.292700261092,485
0.3492309475866157,0.1648168883581437,1.5117466974364586,7.424761761823209,1.0986122886681098,0.2848915603656454,-0.5,0.0,0.3737781863677477,-0.5833333333333334,1.0,0.0,0.5,0.6931471805599453,0.3052188337373994,0.0,0.0,0.8218120328819019,6.825688526591135,1,0,0,0,1,0,0,1,0,1,0,0,1,0,0,1,0,0,1,0,1,0,0,1,0,0,0,1,0,0,1,0,1,0,0,0,0,1,0,1,0,1,0,0,1,0,0,0.0,835.6225812614265,1723.0909626980474,1723.0909626980474,16
-0.3406511396700217,0.3008260944376428,-0.2367349180050856,0.0,0.0,-0.7773981450079146,0.25,-2.209511291351454,1.4802655261064226,0.4166666666666667,0.0,0.0,-0.5,0.0,-1.4032210639608105,0.0,0.0,-0.2724375685669187,0.0,1,0,0,1,0,0,1,0,0,0,1,1,0,0,1,0,0,0,1,0,1,0,0,1,0,0,0,1,0,1,0,0,1,0,0,0,0,1,1,0,0,1,0,0,1,0,0,0.0,445.75106753629126,1716.2400230143207,1716.2400230143207,198
-0.0234671858962722,-0.0321888801014535,0.1104707100399372,0.0,0.0,-0.7773981450079146,-0.25,0.1900911776928238,-0.2904466315264496,0.5416666666666666,0.0,0.0,-0.5,0.0,0.1517661483154045,0.0,0.0,-0.5092038975949189,0.0,1,0,0,1,0,0,1,0,0,0,1,1,0,0,1,0,0,0,1,0,1,0,0,1,0,0,0,1,0,0,1,0,1,0,0,1,0,0,1,0,0,1,0,0,1,0,0,1.0,566.0638300874665,2274.521925656028,1708.4580955685615,253
-0.2840255772109556,-0.6982122049081693,-0.0539105661872336,5.808142489980444,1.3862943611198906,0.1412451268717317,0.0,0.0,0.1394910041135213,-0.2083333333333333,0.0,0.0,0.0,0.6931471805599453,0.4279809820749953,0.0,0.0,0.9373228948539484,0.0,1,0,0,0,1,0,1,0,0,0,1,0,1,0,0,1,0,0,1,0,1,0,0,1,0,0,0,1,0,1,0,0,1,0,0,1,0,0,1,0,0,1,0,0,1,0,0,0.0,807.3087760724874,1689.879616906353,1689.879616906353,488
1.4485120849452158,-0.6982122049081693,1.912992435529609,7.881559917056899,1.0986122886681098,0.2916015803787529,-0.75,1.0448468233685508,1.653647226239437,0.5416666666666666,1.0,0.6931471805599453,0.5,0.0,0.2438377595686014,0.0,0.0,0.0488343210602692,0.0,1,0,0,1,0,0,0,1,0,0,1,1,0,0,1,0,0,0,1,0,1,0,0,1,0,0,0,1,0,0,1,0,1,0,0,1,0,0,1,0,0,1,0,0,1,0,0,1.0,1039.6258488389517,2728.181044369844,1688.5551955308924,271
1.544291530954186,0.3889240520521673,2.928792048681151,4.5217885770490405,0.6931471805599453,-0.7773981450079146,-1.0,-0.4999999999999999,0.3814038327516923,0.25,1.7095112913514543,1.0986122886681098,0.5,1.0986122886681098,-0.1346788644723192,0.6931471805599453,0.0,0.8869713961315076,0.0,1,0,0,0,1,0,1,0,0,1,0,0,1,0,1,0,0,1,0,0,1,0,0,1,0,0,0,1,0,1,0,0,1,0,0,1,0,0,1,0,0,1,0,0,1,0,0,0.0,759.1785494532841,1686.9042059724063,1686.9042059724063,118
0.5905858840006897,0.1582707266468051,0.0534703748457123,0.0,0.0,-0.7773981450079146,0.25,0.6299255022823318,1.2351397657385204,1.125,0.0,0.0,-0.5,0.0,-0.0016865371065903,0.0,0.0,-0.2724375685669187,0.0,1,0,0,1,0,0,0,1,0,1,0,1,0,0,1,0,0,1,0,0,1,0,0,1,0,0,0,1,0,1,0,0,1,0,0,0,0,1,1,0,0,0,1,0,1,0,0,0.0,556.4883313867338,1682.1015929798111,1682.1015929798111,223
0.2037425560392567,0.3278173998608265,-0.0132541076289259,0.0,0.0,-0.7773981450079146,-1.0,-0.4999999999999999,-0.0994874269465521,-0.875,0.0,0.0,0.0,0.6931471805599453,-0.7587197851884318,0.0,0.0,0.3212718896271876,6.968838256965896,1,0,0,0,1,0,0,1,0,0,1,0,1,0,0,1,0,0,1,0,1,0,0,1,0,0,0,1,0,1,0,0,1,0,0,1,0,0,0,1,0,1,0,0,1,0,0,0.0,616.6484151816938,1681.6716595230366,1681.6716595230366,186
-0.3738877298140239,-0.6982122049081693,-0.2374960048663839,0.0,0.0,-0.7773981450079146,-0.25,-0.2248301433933957,0.0537996914931389,0.125,0.0,0.6931471805599453,0.0,0.0,-0.7996405013009638,0.0,0.0,-0.2724375685669187,0.0,1,0,0,1,0,0,0,1,0,0,1,1,0,0,0,1,0,0,1,0,1,0,0,1,0,0,0,1,0,1,0,0,0,1,0,1,0,0,1,0,0,1,0,0,1,0,0,0.0,531.0198889310412,1679.1926020833705,1679.1926020833705,462
0.2865532109596975,-0.6982122049081693,0.2155524379132256,0.0,0.0,0.0,-0.75,-1.3547556456757268,-0.2097670251810606,-1.0833333333333333,0.0,0.0,-0.5,0.0,-0.4671596828866415,0.0,0.0,-0.1879320079677311,0.0,1,0,0,0,1,0,1,0,0,0,1,1,0,0,1,0,0,0,1,0,1,0,0,1,0,0,1,0,0,1,0,0,1,0,0,1,0,0,1,0,0,1,0,0,1,0,0,0.0,619.89127695133,1669.9047280953484,1669.9047280953484,349
-0.346018135402817,0.3188911151227188,-0.0871588676843688,3.970291913552122,1.0986122886681098,0.1412451268717317,-0.75,-0.854755645675727,-0.0362664173100441,0.375,0.0,0.0,0.5,0.0,-0.8763668440119612,0.0,0.0,0.0,0.0,1,0,0,1,0,0,1,0,0,0,1,0,1,0,0,1,0,0,1,0,1,0,0,1,0,0,0,1,0,0,1,0,1,0,0,1,0,0,1,0,0,1,0,0,1,0,0,0.0,746.6868241520923,1666.7810208397289,1666.7810208397289,91
0.4854080196231792,0.4943438806918985,1.365190566096549,0.0,1.6094379124341005,0.3039703185124983,0.0,-0.4999999999999999,1.3938181168857875,0.4166666666666667,0.0,0.0,0.5,0.6931471805599453,0.5251676828422588,2.079441541679836,0.0,0.7948045476831883,8.529362080429069,1,0,0,0,1,0,1,0,0,0,1,0,1,0,0,1,0,0,1,0,0,1,0,1,0,0,0,1,0,0,1,0,1,0,0,1,0,0,0,1,0,1,0,0,1,0,0,0.0,750.5713368639065,1664.6379551300868,1664.6379551300868,490
-0.3738877298140239,-0.6982122049081693,-0.2374960048663839,0.0,0.0,-0.7773981450079146,-1.0,-1.3547556456757268,1.0755959456693158,-0.4583333333333333,0.0,0.0,0.5,1.0986122886681098,0.0494643580340745,0.0,0.0,-0.2724375685669187,0.0,1,0,0,1,0,0,1,0,0,0,1,1,0,0,1,0,0,0,1,0,1,0,0,1,0,0,0,1,0,1,0,0,1,0,0,0,0,1,1,0,0,1,0,0,1,0,0,0.0,469.0481815132278,1663.7313061804443,1663.7313061804443,266
-0.0437332622865703,-0.3156884149803022,-0.1948462124496727,0.0,0.0,-0.7773981450079146,0.5,-0.4999999999999999,1.972299487915074,-1.0,0.0,0.0,-0.5,0.0,-0.5899218312242375,0.0,0.0,-0.2724375685669187,0.0,1,0,0,1,0,0,1,0,0,0,1,1,0,0,1,0,0,0,1,0,1,0,0,1,0,0,0,1,0,1,0,0,1,0,0,1,0,0,1,0,0,1,0,0,1,0,0,0.0,562.9394949653064,1662.5798975972914,1662.5798975972914,438
1.109118572508472,0.5385718968028265,0.8759735638713023,5.337538079701318,0.6931471805599453,0.3347709618907994,0.75,-0.4999999999999999,-0.1575446814723533,0.0,1.0,0.0,0.5,0.6931471805599453,0.2387226700545349,0.0,0.0,0.9827365556509192,0.0,1,0,0,1,0,0,0,1,0,0,1,0,1,0,1,0,0,0,1,0,1,0,0,1,0,0,0,1,0,0,1,0,1,0,0,1,0,0,1,0,0,1,0,0,1,0,0,0.0,563.180519412061,1662.2451097968749,1662.2451097968749,100
-0.3738877298140239,-0.6982122049081693,-0.2374960048663839,0.0,0.0,-0.7773981450079146,-0.75,0.0,0.1106548096735487,0.0833333333333333,-1.7095112913514543,0.0,0.0,0.0,0.0,0.0,0.0,-0.2724375685669187,0.0,1,0,0,1,0,0,1,0,0,0,1,1,0,0,0,1,0,0,1,0,1,0,0,1,0,0,0,1,0,1,0,0,1,0,0,1,0,0,1,0,0,1,0,0,1,0,0,0.0,560.6419678434844,1659.445619670132,1659.445619670132,120
-0.0174811048817792,-0.0254850536896101,-0.1571828904052019,0.0,0.0,0.0,0.5,0.1900911776928238,-0.9289146194988812,-1.0416666666666667,0.0,0.0,-0.5,0.0,-0.8917121125541607,0.0,0.0,-0.3758640159354622,0.0,1,0,0,0,1,0,0,1,0,0,1,1,0,0,1,0,0,0,1,0,1,0,0,1,0,0,0,1,0,1,0,0,1,0,0,0,0,1,1,0,0,1,0,0,1,0,0,0.0,597.5224631277811,1659.166754187871,1659.166754187871,439
1.1701358587543005,0.500129326973173,0.743749796260258,0.0,0.0,0.3151593158788183,0.5,0.1900911776928238,-0.4180623806235478,0.0416666666666666,1.0,0.6931471805599453,0.5,0.6931471805599453,0.4024055345046628,1.3862943611198906,0.0,0.4348855022782566,0.0,1,0,0,1,0,0,1,0,0,0,1,1,0,0,1,0,0,1,0,0,1,0,0,1,0,0,0,1,0,1,0,0,0,1,0,1,0,0,1,0,0,1,0,0,1,0,0,0.0,516.8068031332973,1655.7775761616635,1655.7775761616635,237
0.3984996625937002,0.1896248964248242,0.8582432446683091,3.258096538021482,0.6931471805599453,-0.7773981450079146,0.0,-0.2248301433933957,-0.4331878867718672,-0.1666666666666666,0.0,0.6931471805599453,0.5,1.0986122886681098,1.3333518260647652,1.3862943611198906,0.0,0.9304561416755884,0.0,0,1,0,0,1,0,1,0,0,0,1,0,1,0,0,1,0,0,1,0,0,1,0,1,0,0,0,1,0,0,1,0,1,0,0,1,0,0,1,0,0,1,0,0,1,0,0,0.0,871.8473526766738,1654.2280513237413,1654.2280513237413,486
-0.3700675774579466,-0.6982122049081693,-0.2051858494077041,0.0,0.0,0.1807358470143375,0.5,-1.3547556456757268,0.0284280845076473,0.125,0.0,0.0,0.0,0.0,0.4740167877015938,0.0,0.0,-0.2724375685669187,0.0,1,0,0,1,0,0,1,0,0,0,1,1,0,0,1,0,0,0,1,0,1,0,0,1,0,0,0,1,0,0,1,0,1,0,0,0,0,1,1,0,0,1,0,0,1,0,0,0.0,466.1371961645806,1643.077797975695,1643.077797975695,96
0.6374740690999132,0.1027380387579679,0.3055392126639744,0.0,0.0,0.3151593158788183,0.25,-1.3547556456757268,-1.4655482041675152,-0.25,0.0,0.6931471805599453,0.0,0.0,0.4893620562437932,0.0,0.0,0.3212718896271876,7.790559117314761,1,0,0,1,0,0,1,0,0,0,1,1,0,0,0,1,0,0,1,0,1,0,0,1,0,0,0,1,0,0,1,0,1,0,0,1,0,0,0,1,0,1,0,0,1,0,0,0.0,544.5408022159958,1641.9012392256875,1641.9012392256875,498
1.1504726195758956,0.1816691421884119,1.937407382129376,0.0,0.0,0.1626430958153664,0.0,0.5000000000000001,-0.3338153465244188,0.625,1.0,0.0,-0.5,0.0,0.5405129513844582,0.0,0.0,0.7758836609138324,8.694933933220538,1,0,0,1,0,0,1,0,0,1,0,1,0,0,0,1,0,0,1,0,1,0,0,1,0,0,0,1,0,1,0,0,1,0,0,1,0,0,0,1,0,0,1,0,1,0,0,0.0,618.2989731566211,1637.0260020512744,1637.0260020512744,176
-0.2840255772109556,-0.2514435934517606,-0.2246209330653625,0.0,0.0,0.0,0.25,0.5000000000000001,0.6452769348171351,-1.0416666666666667,0.0,0.0,-0.5,0.0,-0.8507913964416287,0.0,0.0,-0.2724375685669187,0.0,1,0,0,1,0,0,0,1,0,0,1,1,0,0,1,0,0,0,1,0,1,0,0,1,0,0,0,1,0,1,0,0,1,0,0,0,0,1,1,0,0,1,0,0,1,0,0,0.0,592.2964000462309,1631.878202881709,1631.878202881709,330
1.4947697898684589,0.5037081667538482,2.5097880716779226,6.467698726104354,1.0986122886681098,-0.7773981450079146,0.25,-2.209511291351454,-0.1515665772880358,-0.1666666666666666,1.7095112913514543,1.6094379124341005,0.5,1.0986122886681098,1.3333518260647652,0.6931471805599453,0.0,0.7854406461374283,0.0,1,0,0,0,1,0,1,0,0,0,1,0,1,0,0,1,0,0,1,0,1,0,0,1,0,0,0,1,0,0,1,0,1,0,0,1,0,0,1,0,0,1,0,0,1,0,0,0.0,790.9354201391141,1630.7750705350568,1630.7750705350568,59
1.1401788700888946,0.49431877589825,0.5097760318370731,0.0,0.0,0.1964091504788918,-0.75,-2.209511291351454,0.0807490688105932,1.2916666666666667,1.0,0.0,-0.5,0.0,1.578876122739957,0.0,0.0,0.346331904053504,0.0,1,0,0,1,0,0,0,1,0,0,1,1,0,0,1,0,0,0,1,0,1,0,0,1,0,0,0,1,0,1,0,0,1,0,0,1,0,0,1,0,0,0,1,0,1,0,0,0.0,627.0812095241736,1623.7296058918405,1623.7296058918405,477
-0.2919069555641014,-0.6982122049081693,-0.2074128015424902,0.0,0.0,-0.7773981450079146,-1.25,-2.209511291351454,-0.5088434982932641,-0.5416666666666666,0.0,0.0,0.0,0.0,-0.7894103222728308,0.0,0.0,-0.2724375685669187,5.460761428946324,1,0,0,1,0,0,0,1,0,0,1,1,0,0,1,0,0,0,1,0,1,0,0,1,0,0,0,1,0,1,0,0,1,0,0,0,0,1,0,1,0,1,0,0,1,0,0,0.0,514.5259283879624,1623.6002818284685,1623.6002818284685,67
0.8154593095806331,0.1020427693107406,1.2555410540084666,0.0,0.0,-0.7773981450079146,0.25,0.3547556456757271,-0.5783010863012985,-0.0416666666666666,1.0,0.0,0.5,1.0986122886681098,-0.1244486854441862,0.0,0.0,-0.2724375685669187,7.989955167644022,1,0,0,1,0,0,1,0,0,1,0,1,0,0,0,1,0,0,1,0,1,0,0,1,0,0,0,1,0,0,1,0,1,0,0,1,0,0,0,1,0,1,0,0,1,0,0,1.0,569.8780202968575,2190.701234993232,1620.8232146963746,342
0.0657918281002297,-0.0321888801014535,-0.1310670829398809,0.0,0.0,0.1412451268717317,0.0,0.5000000000000001,1.8286103297292329,-1.125,0.0,0.0,0.0,0.0,-0.2472108337817821,0.0,0.0,-0.5092038975949189,5.077921145527768,1,0,0,0,1,0,1,0,0,0,1,1,0,0,1,0,0,0,1,0,1,0,0,1,0,0,0,1,0,1,0,0,1,0,0,1,0,0,0,1,0,1,0,0,1,0,0,1.0,801.3830990882966,2419.949555865065,1618.5664567767685,161
-0.2494954522813951,-0.1860844327936052,-0.2283937953939197,0.0,0.0,-0.7773981450079146,-0.25,0.0,0.3641587045516064,-1.1666666666666667,0.0,0.0,0.5,1.0986122886681098,-0.0835279693316543,0.0,0.0,0.7561573919054445,0.0,1,0,0,0,1,0,1,0,0,0,1,1,0,0,1,0,0,0,1,0,1,0,0,1,0,0,0,1,0,1,0,0,1,0,0,1,0,0,1,0,0,1,0,0,1,0,0,0.0,751.9093608123251,1616.2220721654407,1616.2220721654407,246
-0.3442218098208798,0.3035575815319101,-0.2141178713164576,0.0,0.0,0.0,0.75,0.5000000000000001,2.102771429742313,-1.0833333333333333,0.0,0.0,-0.5,0.0,-0.1858297596129842,0.0,0.0,-0.2724375685669187,0.0,1,0,0,0,1,0,1,0,0,0,1,1,0,0,1,0,0,0,1,0,1,0,0,1,0,0,0,1,0,1,0,0,1,0,0,1,0,0,1,0,0,1,0,0,1,0,0,0.0,727.9641298798305,1611.5803067741722,1611.5803067741722,199
-0.0339235722235334,0.0068069018481302,-0.2029629085968571,0.0,0.0,-0.7773981450079146,-0.25,-0.2248301433933957,-2.043315561789056,1.0,1.0,0.0,-0.5,0.0,0.2336075805404684,0.0,0.0,-0.2724375685669187,0.0,1,0,0,1,0,0,0,1,0,0,1,1,0,0,1,0,0,0,1,0,1,0,0,1,0,0,0,1,0,1,0,0,1,0,0,0,0,1,1,0,0,1,0,0,1,0,0,0.0,526.9522488204359,1610.890986696695,1610.890986696695,230
0.8071591617704719,0.465492378945424,0.2712356711622575,0.0,0.0,0.3515707720072185,-1.0,0.5000000000000001,1.882907883300565,0.9166666666666666,1.0,0.0,-0.5,0.0,0.2336075805404684,0.0,0.0,0.2947791155995727,0.0,1,0,0,1,0,0,1,0,0,0,1,1,0,0,1,0,0,0,1,0,1,0,0,1,0,0,0,1,0,1,0,0,1,0,0,1,0,0,1,0,0,0,1,0,1,0,0,0.0,792.1428968820352,1609.8857632373924,1609.8857632373924,193
-0.3738877298140239,-0.6982122049081693,-0.2374960048663839,0.0,0.0,-0.7773981450079146,0.75,-2.209511291351454,-1.516926088835013,0.0833333333333333,-1.7095112913514543,0.0,0.0,1.0986122886681098,0.0,0.6931471805599453,0.0,-0.5092038975949189,0.0,1,0,0,1,0,0,1,0,0,1,0,1,0,0,0,1,0,0,1,0,1,0,0,1,0,0,0,1,0,1,0,0,1,0,0,0,0,1,1,0,0,1,0,0,1,0,0,0.0,426.3478720902581,1609.27439096962,1609.27439096962,132
2.377626092925826,0.5999587032757205,3.783240599515938,0.0,0.0,0.2226018549920854,-0.25,0.1900911776928238,2.737512509344263,0.7083333333333334,2.7095112913514536,0.0,-0.5,0.0,0.4024055345046628,0.0,0.0,0.5732362150321955,0.0,1,0,0,1,0,0,0,1,0,0,1,1,0,0,0,1,0,0,1,0,1,0,0,1,0,0,1,0,0,0,1,0,1,0,0,1,0,0,1,0,0,0,1,0,1,0,0,1.0,700.2299323962432,2308.437318620334,1608.2073862240907,101
-0.3738877298140239,-0.6982122049081693,0.0438100334907316,0.0,0.0,-0.7773981450079146,-0.5,-0.2248301433933957,-0.1662100650739205,-0.5416666666666666,0.0,0.0,0.5,0.0,0.0,0.0,0.0,-0.3758640159354622,0.0,1,0,0,1,0,0,0,1,0,0,1,1,0,0,0,1,0,0,1,0,0,1,0,1,0,0,0,1,0,1,0,0,1,0,0,0,0,1,1,0,0,1,0,0,1,0,0,0.0,551.7442564925896,1602.8505024187664,1602.8505024187664,325
0.1504273812690739,0.0145225030112025,-0.0757536551093332,0.0,0.0,-0.7773981450079146,0.5,0.6299255022823318,-1.0547665970422415,0.0,0.0,0.0,0.0,0.6931471805599453,0.7809221585455836,0.0,0.0,-0.2724375685669187,6.851827985162044,1,0,0,1,0,0,1,0,0,1,0,1,0,0,0,1,0,0,1,0,1,0,0,1,0,0,0,1,0,1,0,0,1,0,0,1,0,0,0,1,0,1,0,0,1,0,0,1.0,576.1406473290534,2176.7736883575053,1600.6330410284518,495
-0.3625259309000868,0.3017421601331599,-0.2291497539513897,0.0,0.0,-0.7773981450079146,-1.25,0.6299255022823318,0.7173729843448989,-0.875,0.0,0.6931471805599453,0.0,0.0,-1.2190778414544166,0.0,0.0,-0.2724375685669187,0.0,1,0,0,0,1,0,0,1,0,0,1,1,0,0,1,0,0,0,1,0,1,0,0,1,0,0,0,1,0,1,0,0,1,0,0,0,0,1,1,0,0,1,0,0,1,0,0,0.0,752.3043887487611,1596.0774653688136,1596.0774653688136,292
0.9102716556103372,0.2604434441047722,1.2569026970003885,6.556778356158042,0.6931471805599453,0.3515707720072185,-1.0,-0.854755645675727,0.379004438723517,0.375,1.0,0.0,0.5,0.0,1.456113974402361,0.6931471805599453,0.0,1.196703336263206,0.0,1,0,0,0,1,0,1,0,0,0,1,0,1,0,0,1,0,0,1,0,0,1,0,1,0,0,0,1,0,0,1,0,1,0,0,1,0,0,1,0,0,1,0,0,1,0,0,0.0,906.90564471691,1595.7423713612782,1595.7423713612782,245
-0.3738877298140239,-0.6982122049081693,-0.2367349180050856,0.0,0.0,-0.7773981450079146,0.25,-1.3547556456757268,-1.3565355708359983,-0.4583333333333333,0.0,0.0,0.0,0.0,-1.2395381995106824,0.0,0.0,-0.5092038975949189,0.0,1,0,0,1,0,0,1,0,0,0,1,1,0,0,1,0,0,1,0,0,1,0,0,1,0,0,1,0,0,1,0,0,1,0,0,1,0,0,1,0,0,1,0,0,1,0,0,0.0,372.9825178734425,1595.6927720864182,1595.6927720864182,414
0.6334655322285739,0.4315728114717191,-0.0094510158473066,0.0,0.0,-0.7773981450079146,1.25,0.6299255022823318,-0.7559972074499767,0.0416666666666666,0.0,0.0,0.0,0.6931471805599453,-0.1858297596129842,0.0,0.0,-0.2724375685669187,0.0,1,0,0,1,0,0,1,0,0,1,0,1,0,0,1,0,0,1,0,0,1,0,0,1,0,0,0,1,0,1,0,0,1,0,0,0,0,1,1,0,0,1,0,0,1,0,0,0.0,481.8530451249906,1594.352511556204,1594.352511556204,177
0.0507936274212799,0.3331643936074366,0.0310149801276323,5.220355825078324,0.6931471805599453,0.3515707720072185,0.75,-0.4999999999999999,-1.49147970273509,-0.4583333333333333,0.0,0.0,0.5,0.0,-0.0477223427331888,0.0,0.0,0.5092038975949188,7.522261028093663,1,0,0,0,1,0,1,0,0,0,1,0,1,0,1,0,0,0,1,0,1,0,0,1,0,0,0,1,0,0,1,0,1,0,0,0,0,1,0,1,0,1,0,0,1,0,0,0.0,686.5989670409656,1594.1977994736212,1594.1977994736212,158
-0.3662805004290765,-0.6982122049081693,-0.235974300226629,0.0,0.0,-0.7773981450079146,-0.25,-0.854755645675727,-0.5827606620466473,-0.6666666666666666,0.0,0.0,-0.5,0.0,0.0,0.0,0.0,-0.5092038975949189,0.0,1,0,0,1,0,0,1,0,0,0,1,0,1,0,1,0,0,0,1,0,1,0,0,1,0,0,0,1,0,1,0,0,1,0,0,1,0,0,1,0,0,1,0,0,1,0,0,0.0,369.0105680493969,1591.3235433203236,1591.3235433203236,273
0.8546344011334491,0.48611311905336,0.441873673226073,0.0,0.0,0.3039703185124983,0.0,0.0,0.2280586346513099,0.0,1.0,0.0,0.0,0.6931471805599453,0.3410244603358648,0.6931471805599453,0.0,0.713992212695902,6.3673756244825865,1,0,0,1,0,0,0,1,0,1,0,1,0,0,0,1,0,0,1,0,1,0,0,1,0,0,0,1,0,1,0,0,1,0,0,1,0,0,0,1,0,1,0,0,1,0,0,0.0,583.9531513473739,1590.8540693611224,1590.8540693611224,250
-0.3606606629798494,-0.6982122049081693,-0.2261286941649224,0.0,0.0,-0.7773981450079146,-0.25,-0.854755645675727,-0.9590124850813116,0.25,0.0,0.6931471805599453,0.5,0.0,2.0085436419215426,0.0,0.0,-0.2724375685669187,0.0,1,0,0,1,0,0,0,1,0,0,1,1,0,0,0,1,0,1,0,0,1,0,0,1,0,0,0,1,0,1,0,0,1,0,0,1,0,0,1,0,0,1,0,0,1,0,0,0.0,392.5261943316751,1590.480474010625,1590.480474010625,93
-0.1740994740393013,0.3069471598545104,-0.1860520970435656,0.0,0.0,-0.7773981450079146,-0.25,0.0,0.6807265071818038,-1.125,0.0,0.0,-0.5,0.0,-0.2881315498943141,0.0,0.0,-0.2724375685669187,0.0,1,0,0,1,0,0,1,0,0,0,1,1,0,0,1,0,0,0,1,0,1,0,0,1,0,0,0,1,0,1,0,0,1,0,0,0,0,1,1,0,0,1,0,0,1,0,0,0.0,599.6302425321452,1584.5601282501189,1584.5601282501189,31
1.2892843559507938,0.4828954100638812,0.4152469163631546,0.0,0.0,-0.7773981450079146,1.0,-0.2248301433933957,2.121145622261048,0.7916666666666666,1.0,0.0,-0.5,0.0,0.0392341790059416,0.0,0.0,-0.2724375685669187,0.0,1,0,0,1,0,0,1,0,0,0,1,1,0,0,0,1,0,0,1,0,1,0,0,1,0,0,0,1,0,1,0,0,1,0,0,1,0,0,1,0,0,1,0,0,1,0,0,0.0,636.0293607748056,1584.251818428676,1584.251818428676,211
0.254463948918297,-0.6982122049081693,0.1561312215536974,0.0,0.0,-0.7773981450079146,1.0,0.1900911776928238,0.111996310262874,0.75,1.7095112913514543,0.0,0.0,0.0,0.3665999079061973,0.0,0.0,0.5580382186551881,8.192318864718349,1,0,0,1,0,0,0,1,0,0,1,1,0,0,1,0,0,0,1,0,1,0,0,1,0,0,0,1,0,1,0,0,1,0,0,1,0,0,0,1,0,0,1,0,1,0,0,0.0,593.7686784987637,1577.019415570448,1577.019415570448,192
0.4020943420026004,0.1857000639563091,-0.0966311906628036,0.0,0.0,-0.7773981450079146,0.5,-0.854755645675727,1.878952574383849,0.9583333333333334,0.0,0.0,-0.5,0.0,-0.0784128798175878,0.0,0.0,-0.2724375685669187,0.0,1,0,0,1,0,0,1,0,0,1,0,1,0,0,1,0,0,0,1,0,1,0,0,1,0,0,0,1,0,1,0,0,1,0,0,0,0,1,1,0,0,0,1,0,1,0,0,0.0,581.5348782878619,1575.660076537636,1575.660076537636,27
-0.3738877298140239,-0.6982122049081693,-0.2374960048663839,0.0,0.0,-0.7773981450079146,0.25,0.1900911776928238,-0.3263163173329616,0.8333333333333334,0.0,0.0,-0.5,0.0,-0.7740650537306313,0.0,0.0,-0.2724375685669187,0.0,1,0,0,1,0,0,1,0,0,1,0,1,0,0,1,0,0,1,0,0,1,0,0,1,0,0,0,1,0,1,0,0,1,0,0,1,0,0,1,0,0,0,1,0,1,0,0,0.0,502.2301036780345,1574.3712558180434,1574.3712558180434,484
-0.2256183232275472,-0.1518468423971464,-0.2246209330653625,0.0,0.0,-0.7773981450079146,-0.25,-0.4999999999999999,-0.0025925216997858,-0.5416666666666666,0.0,0.0,0.0,0.0,-0.7945254117868973,0.0,0.0,-0.2724375685669187,0.0,1,0,0,1,0,0,0,1,0,0,1,1,0,0,1,0,0,0,1,0,1,0,0,1,0,0,0,1,0,1,0,0,1,0,0,0,0,1,1,0,0,1,0,0,1,0,0,0.0,460.04569256024126,1572.326683381851,1572.326683381851,475
1.2996921927068157,0.3285058931261341,2.6905623294529697,0.0,0.0,0.2440037353446678,-1.25,-0.2248301433933957,0.2250007933112052,0.875,1.0,0.0,-0.5,0.0,0.4126357135327958,0.0,0.0,0.6160510052267606,0.0,1,0,0,0,1,0,1,0,0,1,0,1,0,0,1,0,0,0,1,0,1,0,0,1,0,0,0,1,0,1,0,0,1,0,0,1,0,0,1,0,0,0,1,0,1,0,0,0.0,860.4022409373295,1572.3083555713276,1572.3083555713276,255
0.2848545499337901,-0.6982122049081693,0.2107967391321807,0.0,0.0,0.1964091504788918,0.25,0.6299255022823318,0.8944646195095038,-0.4166666666666667,0.0,0.0,0.5,0.0,-0.4773898619147745,0.0,0.0,-0.2724375685669187,8.217986235659444,1,0,0,0,1,0,0,1,0,0,1,0,1,0,0,1,0,0,1,0,1,0,0,1,0,0,0,1,0,0,1,0,0,1,0,0,0,1,0,1,0,1,0,0,1,0,0,0.0,649.067235796416,1571.445881056926,1571.445881056926,212
-0.3738877298140239,-0.6982122049081693,-0.2374960048663839,0.0,0.0,-0.7773981450079146,-0.25,-0.2248301433933957,0.0537996914931389,-1.0,0.0,0.0,-0.5,0.0,-0.3750880716334446,0.0,0.0,-0.2724375685669187,0.0,1,0,0,1,0,0,1,0,0,0,1,1,0,0,1,0,0,0,1,0,1,0,0,1,0,0,0,1,0,1,0,0,1,0,0,1,0,0,1,0,0,1,0,0,1,0,0,0.0,541.9060980357602,1567.0717536763775,1567.0717536763775,286
-0.3569538216045915,-0.6982122049081693,1.9351838916004744,7.367708572374371,1.3862943611198906,0.2440037353446678,-0.5,-1.3547556456757268,-0.9431097243741636,-0.375,0.0,0.0,0.0,0.0,-0.0374921637050558,0.0,0.0,0.713992212695902,0.0,1,0,0,0,1,0,1,0,0,0,1,0,1,0,1,0,0,0,1,0,1,0,0,1,0,0,0,1,0,1,0,0,1,0,0,1,0,0,1,0,0,1,0,0,1,0,0,0.0,703.0529874493545,1560.7261496883111,1560.7261496883111,476
-0.3738877298140239,-0.6982122049081693,-0.2374960048663839,0.0,0.0,-0.7773981450079146,-0.75,0.0,-0.3907548571043062,0.2083333333333333,-1.7095112913514543,0.0,0.0,0.0,0.0,0.0,0.0,-0.2724375685669187,0.0,1,0,0,1,0,0,1,0,0,0,1,1,0,0,1,0,0,0,1,0,1,0,0,1,0,0,0,1,0,1,0,0,1,0,0,1,0,0,1,0,0,1,0,0,1,0,0,0.0,523.6656624696254,1557.609865528796,1557.609865528796,218
-0.3738877298140239,-0.6982122049081693,-0.2374960048663839,0.0,0.0,-0.7773981450079146,-0.75,0.6299255022823318,0.0976681086097793,0.2916666666666667,-1.7095112913514543,0.0,0.0,0.0,0.0,0.0,0.0,-0.2724375685669187,0.0,1,0,0,1,0,0,1,0,0,0,1,1,0,0,1,0,0,0,1,0,1,0,0,1,0,0,0,1,0,1,0,0,1,0,0,1,0,0,1,0,0,1,0,0,1,0,0,0.0,548.3554437622657,1554.594771454054,1554.594771454054,359
-0.3738877298140239,0.3007341776234435,-0.2374960048663839,0.0,0.0,-0.7773981450079146,0.75,0.1900911776928238,0.2899704804467128,-1.125,0.0,0.0,-0.5,0.0,-0.3546277135771786,0.0,0.0,-0.2724375685669187,0.0,1,0,0,1,0,0,0,1,0,0,1,1,0,0,1,0,0,0,1,0,1,0,0,1,0,0,0,1,0,1,0,0,1,0,0,1,0,0,1,0,0,1,0,0,1,0,0,0.0,517.567272619464,1551.325305436913,1551.325305436913,92
0.8248446932055766,0.3415077759339182,0.2144971985958489,0.0,0.0,-0.7773981450079146,0.75,-1.3547556456757268,1.0559462976473486,0.5833333333333334,1.0,0.0,-0.5,0.0,0.0596945370622075,0.0,0.0,-0.2724375685669187,0.0,1,0,0,1,0,0,1,0,0,0,1,1,0,0,1,0,0,0,1,0,1,0,0,1,0,0,0,1,0,1,0,0,1,0,0,0,0,1,1,0,0,0,1,0,1,0,0,0.0,477.26225911360496,1550.7265295576915,1550.7265295576915,15
-0.3738877298140239,-0.6982122049081693,-0.2374960048663839,7.334329350300536,1.0986122886681098,0.3515707720072185,1.0,-1.3547556456757268,0.5738748857161635,-0.7083333333333334,0.0,0.0,0.5,0.6931471805599453,-0.9837837238073576,0.0,0.0,0.4735326580560004,0.0,1,0,0,0,1,0,0,1,0,0,1,0,1,0,0,1,0,0,1,0,1,0,0,1,0,0,0,1,0,0,1,0,1,0,0,0,0,1,1,0,0,1,0,0,1,0,0,0.0,731.8795358592573,1540.4228563790946,1540.4228563790946,110
